ZBEZ,university_share,avg_income,unemprate,benefit_share,SSI,quintile,green_area_sum,blue_area_sum,census_area_km2,green_ratio,blue_ratio
0101,1.60495393907887,1.74139903973317,1.12592291873207,1.12300766661696,1.65399208545834,5,1176.7517402909343,16.97162488616197,0.37735580253780127,0.0031,0.0
0102,1.653812293864,2.56523343867763,1.2369995281743,1.13944040004503,2.00043350526477,5,77668.03866533704,58683.05136992553,0.3791741776928953,0.2048,0.1548
0103,1.70659827142579,3.80503268908206,1.64102864371774,1.23251891262258,2.57058232888391,5,25070.979682471265,20255.52737389915,0.4652473930634938,0.0539,0.0435
0104,1.84597501085863,3.15599994470729,1.69771329969692,1.31328952271054,2.40745960881237,5,213339.04168405515,944.0049305784277,0.8353774581812469,0.2554,0.0011
0105,1.68130345477823,2.42495303638054,1.19250244409644,1.25213376659957,1.97132150631255,5,17608.835552660163,0.0,0.3331162628975688,0.0529,0.0
0106,1.74654272998126,2.38113616530838,1.11691114459184,1.13750224919908,1.94406004710482,5,12.836292463452677,50.73493276325428,0.23607666068359623,0.0001,0.0002
0107,1.38279357844358,2.70868880277107,1.28993313035836,1.25012518864608,1.98350662360755,5,8257.380437906912,192.04571036088498,0.2408998003480963,0.0343,0.0008
0201,0.702976450719514,-0.180877189031355,0.256342008570078,0.455460372462006,0.324818793963578,4,304639.24439445994,364300.0259516963,1.806116304978461,0.1687,0.2017
0202,0.361530850229844,-0.656246227566122,-0.59778042845589,-0.400072639365897,-0.29361010897327,3,7811.447576480499,0.0,0.37811222127523725,0.0207,0.0
0203,1.27873768846478,0.0343169046183337,0.24383803322314,0.517964853191822,0.626683910417011,4,417431.306432559,96043.49222672117,1.13505550477157,0.3678,0.0846
0204,0.834066014587629,-0.0638202931110052,0.240453693941195,0.381672606027958,0.400033328739628,4,19672.49244157674,28229.438818616552,0.5604136452553026,0.0351,0.0504
0205,0.865794449012386,-0.135456823191883,0.0298311282184075,0.227233166697967,0.317741344241669,4,40386.25365350027,78081.75819805182,0.4173500400977988,0.0968,0.1871
0206,0.582894244465069,0.197921207329798,0.00197878633492102,0.309008536904561,0.346390250976439,4,1428805.1825390514,203225.48879440766,3.6566559300021577,0.3907,0.0556
0207,0.194077734605763,-0.957496178515997,-0.818646657008604,-0.210640309644006,-0.472822687930903,2,10641.491564292251,9.33464307689813,0.3840583883041782,0.0277,0.0
0208,-0.455898988195748,-0.158587462918434,0.179498377375826,-0.0358280007409427,-0.200755396289312,3,3288879.483105799,2698181.904850611,8.367813505714976,0.393,0.3224
0209,-0.446621956329603,-0.863534014230115,-1.14364772984338,-1.09391301619165,-0.898591990191329,1,182042.15102173403,586486.2764432966,1.2766756313216323,0.1426,0.4594
0301,1.16893899949609,0.241092184207318,0.568309116978107,0.664179064381935,0.749626368882975,4,39737.687186243405,358.62762900547204,0.5604679951155154,0.0709,0.0006
0302,1.37104306683892,0.953676127127598,0.805624521599889,0.869012498799885,1.16980494822777,5,24031.983027506998,25.936854859705523,0.5169180206155515,0.0465,0.0001
0303,1.30797832699292,1.69367621352017,0.824887981419533,0.864106416602456,1.42289490432128,5,231234.86265386362,10574.827984878937,0.9648591201264484,0.2397,0.011
0304,0.478071785123106,-0.511055887707821,-0.135149934325935,-0.0944981226792813,-0.0546820434514181,3,572.9298794224549,0.0,0.2864810443857722,0.002,0.0
0305,0.961288058770776,0.419164797943932,0.538671977846885,0.728168959958906,0.74503823224728,4,10083.214986891604,950.2606038035663,0.5042874488174293,0.02,0.0019
0306,0.20659257549406,-0.448088020505262,-0.282203112644009,-0.0252544735419579,-0.14621434424537,3,19368.30237578712,0.0,0.5679235467890008,0.0341,0.0
0307,0.0704071878423255,-0.550198859013403,-0.131569578270205,0.0157820404998427,-0.198918275876047,3,61216.94272351249,263.09926391083997,1.5518264133657953,0.0394,0.0002
0308,0.316394034156456,0.0192757146535025,-1.64894165792893,-0.0738655080290677,-0.194496744884272,3,212326.91997282038,3504.4172929689685,1.1025690259493537,0.1926,0.0032
0309,1.40234333251755,0.976090020228198,0.8656750163963,1.0220102943781,1.22908556990685,5,38352.96739518076,0.0,0.45401344063617577,0.0845,0.0
0310,0.17397116055594,-0.646559387341883,-0.384032977389359,-0.685040959030092,-0.372588864148721,2,33527.03995754044,0.0,0.3968849285558308,0.0845,0.0
0311,0.374085281114778,-0.186420817437657,-0.164448075158123,-0.1985947869418,0.00227263259856371,3,13953.495589645314,0.0,0.49281626143300894,0.0283,0.0
0401,1.79449933444666,0.766171852986236,0.948029004084512,0.968300567178506,1.30180349458477,5,62204.02703365641,3475.023910550478,0.271074531007927,0.2295,0.0128
0402,1.174651147089,0.614055678634358,-0.0468867500602504,0.887591588596384,0.817247824816981,4,18179.275455792926,0.0,0.6733758687569591,0.027,0.0
0403,1.59672593259989,0.72557723892913,0.849664287207034,0.81074539765033,1.16627941191094,5,11201.060267234077,0.0,0.5622433909567521,0.0199,0.0
0404,1.00405470044657,0.0823387959110338,0.105356889285847,0.147575639318137,0.448700958769869,4,21413.579561501967,0.0,0.26868735251979436,0.0797,0.0
0501,1.13031235185171,0.145262702751592,0.610198626250173,0.700150113454699,0.714286305802184,4,21587.949225057848,42.18611405774123,0.5296590056312963,0.0408,0.0001
0502,-0.179935326522069,-0.9671781026538,-0.977547078508005,-0.903214978606046,-0.77227458193695,2,28924.414354314846,118.29966615641953,0.6706535470925931,0.0431,0.0002
0503,0.32630881456709,-0.78464698039984,-0.337855000447376,-0.308263329246031,-0.289080191155333,3,26903.672445628148,34.29115277615604,0.5206862281879368,0.0517,0.0001
0504,0.944267658698813,-0.439005600742028,0.322644630424534,0.268025267608057,0.296183166652135,4,28026.800995799953,39.407432510230066,0.2895519315701061,0.0968,0.0001
0601,1.37470877715925,0.520771180855123,0.36659425976352,1.02310265734967,0.958299452042288,5,19552.282012419477,21403.795975140965,0.4729128410644371,0.0413,0.0453
0602,0.926232748844602,-0.3509108974609,-0.201844383925352,0.439097313116121,0.256728176510049,4,12437.094639146664,31640.264211095408,0.4215277854511016,0.0295,0.0751
0603,1.27234699739082,0.0688615143448386,0.572970870776369,0.703609119759509,0.732321169178706,4,21200.00496849594,0.0,0.5598598227628644,0.0379,0.0
0701,1.7360158220991,0.398208742268642,0.645522854931575,0.962536593014177,1.08701562954906,5,11837.709584959706,89.61725359918951,0.28888267855750444,0.041,0.0003
0702,2.13339345041404,0.983543593665812,1.09604081231696,1.27260666668071,1.59126380486183,5,13831.879082615147,0.0,0.2904443652867759,0.0476,0.0
0703,1.60757760305469,0.722088090581542,0.738563875707132,1.06567942399419,1.19560902801679,5,5853.590121937514,0.0,0.2908168130280488,0.0201,0.0
0704,1.51459324745155,0.341725326665114,0.777231210576212,1.00378851430101,1.01619708480428,5,11878.81746735529,0.0,0.42448369910121825,0.028,0.0
0705,1.35572813171837,-0.0358270654978437,0.640585349356219,0.41963013057203,0.684416081721037,4,17998.4841239163,0.0,0.3127596640320627,0.0575,0.0
0801,1.43762761932886,0.508873420648046,0.996835253595219,1.06324198219169,1.10117941218252,5,11222.849896807298,0.0,0.26759824690239914,0.0419,0.0
0802,1.86510440179277,1.05858976838822,1.03512666992084,1.18061055985856,1.4914882541889,5,9610.869340247169,0.0,0.5216297379066099,0.0184,0.0
0803,1.38324934416983,0.530355838617132,0.271754211787008,0.899380271592846,0.924576030442425,4,14980.446583255014,0.0,0.3001336621900715,0.0499,0.0
0901,1.2200660615788,-0.234963660806963,0.448677888351046,0.357777820833443,0.513616773246976,4,18939.617751083362,143.56993057095823,0.6807171355102262,0.0278,0.0002
0902,1.53475579794514,0.389211410275952,0.873001818366077,0.970293397924085,1.05274339029837,5,33704.457870764636,205.12515447994582,0.471038733452758,0.0716,0.0004
0903,1.46843854823149,0.597125768424921,0.866687126824064,0.67782667101021,1.04986012525706,5,14818.554180243202,0.0,0.5150587027156301,0.0288,0.0
0904,1.45467953750607,-0.0808989989621203,0.622410589940989,0.808348729196689,0.772890827384087,4,6634.187763744877,102.19848653317017,0.3996314440559544,0.0166,0.0003
0905,2.04671052720542,1.72752293765496,1.12593832015004,1.2839794527487,1.84206653926524,5,66631.18128533204,625.3926422741345,0.5019862822739757,0.1327,0.0012
0906,2.30380167700693,1.73019229235686,1.50814551385408,1.23856297188086,2.00046403214104,5,107046.4069190651,205.27150286358705,0.3973900659909426,0.2694,0.0005
1001,0.629404453327873,-0.332959845447418,0.609287932284399,0.645616156303947,0.34179822522068,4,821.3852745472385,0.0,1.0508275898060322,0.0008,0.0
1002,-1.27436516892068,-1.41576403608296,-1.9328827699256,-2.33253991734278,-1.7842237399245,1,22332.00142884308,0.0,0.7672582967813405,0.0291,0.0
1003,-1.09541547994717,-1.06791313243084,-1.24035986561353,-1.16556203483165,-1.24536851104241,1,40332.56893308545,0.0,0.6585935225314417,0.0612,0.0
1004,-1.02012590133563,-1.39340743118952,-1.83366643925036,-2.41198203985593,-1.67823853831834,1,16436.663643210846,0.0,0.3621628739788383,0.0454,0.0
1005,-1.0442281619587,-1.03553474651324,-0.811396281810765,-1.096550030811,-1.12233938751706,1,20352.52982613244,0.0,0.5674182587946098,0.0359,0.0
1006,-1.08992478058378,-1.35615689985548,-1.41524590475233,-1.84681994226236,-1.50834028066904,1,44487.00338583135,0.0,0.512218323804919,0.0869,0.0
1007,-1.03866525134558,-0.886964508749934,-0.845099767798186,-0.902055726540821,-1.0355748727475,1,16673.032101287394,0.0,0.3429691251387243,0.0486,0.0
1008,-1.10516988048696,-1.13391698319412,-1.14387149186811,-1.00002269670555,-1.22492654109643,1,27232.760487815893,0.0,0.42888388405552014,0.0635,0.0
1009,-1.04719739442955,-0.976346210685355,-1.01306069260807,-0.670026936145515,-1.05994733586205,1,18062.86412025758,0.0,0.7338973435752574,0.0246,0.0
1010,-1.37639973749616,-1.19877413869569,-1.88955013712596,-1.75767545078054,-1.62734378725273,1,4404.180425370326,0.0,0.6460567349645105,0.0068,0.0
1011,-1.34300932813911,-0.958043901145882,-1.73751976357563,-1.47217359727905,-1.44499891182304,1,259799.76766954132,0.0,1.2403384851694355,0.2095,0.0
1012,0.263415043612772,0.752339548875068,1.16883410947844,0.757980362707912,0.732196614027393,4,254950.43725629942,14743.10983632483,1.3137588238505706,0.1941,0.0112
1013,-1.32719788760772,-0.730113133504663,-0.450689276144313,-0.0935972943145309,-0.861788324231102,2,59699.94957118975,3525.931858645187,0.94605660641112,0.0631,0.0037
1014,-1.38748664903017,-0.819597541320738,-0.995332090918084,-0.648220567085384,-1.12053566545454,1,462379.2194050216,13991.396706893596,1.3354977889815918,0.3462,0.0105
1015,-0.858499337246306,-0.356811404790232,0.161401709368883,-0.456975083076599,-0.504281816479131,2,885114.5589435991,20968.95906197926,2.158769240075875,0.41,0.0097
1016,-0.792285378696001,-0.0153846293594379,-0.145995136817425,0.0330890596462762,-0.319684807839697,2,1392089.7554512387,74665.3058953611,5.668706218799187,0.2456,0.0132
1017,-0.912289321917189,0.554685867385906,1.31572501107315,1.18273623976911,0.329860037755696,4,724301.6724924104,44144.452181749395,4.029933053305686,0.1797,0.011
1018,-0.127915035492492,0.373570206823481,0.996689549121249,0.768709616817042,0.41743808848244,4,320664.0919446753,38107.8858450727,2.8239161645931112,0.1136,0.0135
1019,-0.421284962714679,0.41133808092276,0.901677785221112,0.768319020181939,0.305230184457064,4,415405.82435454393,32978.664167683644,2.9680513502341275,0.14,0.0111
1020,-1.60946810716677,-1.02565406476894,-1.61989263674625,-2.04674010784131,-1.65311169851132,1,69542.7922655873,0.0,0.7989562593903432,0.087,0.0
1021,-0.982858570489583,-0.175756917142168,0.305363287996875,0.0386421355426954,-0.365000235660481,2,936184.7725869927,181069.28014614715,1.7269952942016515,0.5421,0.1048
1022,-0.555591519417069,-0.992858739311781,-0.781043080564574,-1.19648568775292,-0.938649858619671,1,10971.173082526942,0.0,0.23305114377868189,0.0471,0.0
1023,-1.14551382306345,-1.1687393383285,-1.18123103451128,-1.14731394918469,-1.28689057576246,1,43931.15408916313,0.0,0.48386428929603054,0.0908,0.0
1101,0.680756467754293,-0.0440814915472131,0.69565417209381,0.910197561647318,0.532584474715824,4,37.22600694372646,0.0,0.6355128281168696,0.0001,0.0
1102,-0.845149344313764,-0.888517134897522,-0.850844692533198,-0.983474103708993,-0.980680661747874,1,102893.84141998338,0.0,1.0949130004500693,0.094,0.0
1103,-1.08567644051261,-1.07333272710177,-1.23390087276614,-0.947612282937762,-1.20226018956653,1,64031.663892385,0.0,0.8619486952739288,0.0743,0.0
1104,-1.40644476961353,-1.00000854973648,-1.45190291365162,-1.70404054057027,-1.47404951213934,1,11628.07593621587,373.3622909151971,1.1291113126867096,0.0103,0.0003
1105,-1.12545622514651,-0.700931587014411,-0.651828645225463,-0.407769408593299,-0.871678101643704,1,46800.93892700241,1148.5513615239843,1.5643317388392395,0.0299,0.0007
1106,-1.55224645437996,0.0703237356921757,1.04924826453678,0.6574239998345,-0.232547416594977,3,217086.09118413748,3481.4363416322885,4.4328390080441125,0.049,0.0008
1107,-1.27034476197587,-0.817202852376928,-1.11003077154874,-1.32935747978681,-1.22352359915373,1,32923.126661032176,0.0,0.9533451754157969,0.0345,0.0
1108,-1.08953242838536,0.357356151085787,1.11944662247259,1.15135212541586,0.149173544981175,3,55960.41472699173,104.71003524028995,1.3297714365420212,0.0421,0.0001
1109,-1.12877993541291,-0.448733776257029,0.63905139123821,0.813365054443003,-0.314942915441467,3,100184.4935528301,27313.188145751144,3.821375389735228,0.0262,0.0071
1110,-1.36042158534972,-0.710362389739191,-0.464785742892799,-0.122941669883822,-0.874808214640377,1,108650.54421139578,1361.2369038362558,2.1416720281684705,0.0507,0.0006
1111,-1.47530473511496,-0.988618924797746,-1.18451043429591,-2.68148805909278,-1.62665428256837,1,92989.66682792822,110189.54073074489,1.901961380773948,0.0489,0.0579
1112,-1.23092408831793,-0.683770337168545,-0.293579571985722,0.705779148263263,-0.632099503004405,2,831459.0196962451,441535.0742087289,2.6189151625451896,0.3175,0.1686
1113,-0.882387625746981,-0.275193950073976,0.0221218013372479,0.444933527490788,-0.341856403726227,2,142555.3661615115,83.40176337337029,0.7578007572415226,0.1881,0.0001
1201,0.157646746782778,-0.686406567385706,-0.0107859648880702,0.0910478695992612,-0.180769655962516,3,30061.608664879568,1311.5188617508443,0.2909513499382554,0.1033,0.0045
1202,-0.80726402223232,-1.03244363847499,-1.12219155699067,-0.860767324307393,-1.04740581561104,1,62853.93547370087,80.52813258201716,0.6646208958835795,0.0946,0.0001
1203,-1.63379492745112,-1.6119144130645,-3.09985833662229,-2.23404884437849,-2.18740666652767,1,4270.844955460931,44.37440610064995,0.5569233022800112,0.0077,0.0001
1204,-0.163493787342184,-0.809064625774227,-0.560463805373995,-0.471611150324234,-0.550710333677715,2,10919.022001221767,0.0,0.37766179888379375,0.0289,0.0
1205,-0.320819866369017,-0.755475131621475,-0.503678301428773,-0.659066284322111,-0.613258784617023,2,26742.955482244473,0.0,0.41910058303091363,0.0638,0.0
1206,0.357918879481485,-0.382248556850642,0.0638357929572445,0.2807995386217,0.0547485821893439,3,411.47621245407265,0.0,0.45741013654245716,0.0009,0.0
1207,-0.755779767204302,-0.657401576485721,-1.09627836044852,-1.20355194056744,-0.948224923993595,1,48214.12839064264,224.96608241857672,0.8398977280960029,0.0574,0.0003
1208,-0.56934906788623,-0.679489974233515,-0.421310122416298,-0.18259862320415,-0.573720486657628,2,11732.019715206756,0.0,0.6667308365284612,0.0176,0.0
1209,-1.51173872323986,-1.40103458958374,-2.92961379972897,-3.28787399288844,-2.22767761997279,1,25616.51302848129,27.1969000921587,0.5792487822517068,0.0442,0.0
1210,-0.516783401683415,-0.371984130754028,0.0556493810979872,0.198718360249562,-0.281750067321044,3,36897.34544002137,996.5011071595504,1.4005478969442398,0.0263,0.0007
1211,0.0475646469246896,0.122305324525309,0.238282312245,0.261552959334417,0.155301633344427,3,52512.81974814334,615.4625798260552,1.851568794520611,0.0284,0.0003
1301,1.08919224723016,1.3395299860104,0.887742951523605,-0.0403370874521169,1.05526289847619,5,944368.5152762929,25517.235599049345,2.193809827726932,0.4305,0.0116
1302,1.87901206788038,2.2833367158507,1.02067297948511,1.1162705304622,1.93515711131641,5,113547.43135456847,4.135656149676043,1.3516990502494948,0.084,0.0
1303,0.723451282795378,0.391807254842531,0.347767313278044,0.499211640916601,0.569264256191868,4,5046.767701650712,16325.997164342034,0.8008098623998358,0.0063,0.0204
1304,1.44267581031726,1.36724649537269,0.824625560026887,0.798815313336001,1.33983715474264,5,649636.3876576268,64546.218212830216,2.7711667271554723,0.2344,0.0233
1305,1.27703229943656,1.4917394498764,0.728865842883861,0.845318290871981,1.31550205170649,5,90460.2912314277,14858.805039118271,1.3348185189457327,0.0678,0.0111
1306,1.20185544802857,1.51143273854011,0.859867339233665,1.06442872406116,1.35973820593585,5,21588.993823024848,648.2677172205906,0.614604607033628,0.0351,0.0011
1307,0.174928483116207,0.141508438375416,0.13905046476968,-0.811472036542034,-0.00731539803711245,3,24265.975638912205,0.0,0.4377463611912008,0.0554,0.0
1308,0.427466504117511,0.583138263401162,-0.201181273021319,-0.24429432264738,0.291473652723224,4,33982.0009766315,6654.820142350237,1.5870599329483481,0.0214,0.0042
1309,-0.633060104743013,-0.414816965705253,-0.502002852126157,-0.608671352054188,-0.593113696789005,2,454307.7548069077,11092.662633689939,1.4813381334499534,0.3067,0.0075
1311,1.61266673367654,2.56198002854032,1.45827064864892,1.35545279715897,2.06489512628721,5,102518.17825436802,31286.622054354855,1.636649514036825,0.0626,0.0191
1401,0.338634632543287,-0.2580889154521,0.206477315743272,0.332045442985231,0.129412141992987,3,13817.052421774835,0.0,0.5199885928261808,0.0266,0.0
1402,-0.420732752058733,-1.02542946248173,-0.631717996229736,-0.643834984028195,-0.770959120858533,2,5407.133345564838,0.0,0.38888830034911753,0.0139,0.0
1403,0.6437810638283,-0.0253100277405487,0.121307861179364,0.299652823614749,0.306672947989847,4,49846.74797707141,37815.01360452356,0.9390309991774728,0.0531,0.0403
1404,-0.505169013537522,-0.556507740422331,-0.399993762054598,-0.439448363721635,-0.548047385443628,2,39350.30744745986,0.0,0.984983448632422,0.04,0.0
1405,0.0676842673412967,0.254558996275096,0.325326557342813,0.402420636413662,0.25383090701656,4,6668.711026573737,25.08367140830837,1.140609177390975,0.0058,0.0
1406,-0.246554768221532,-0.205459984648055,0.0752015194073902,-0.233310551206541,-0.196470604268663,3,48025.74470774635,22554.056582472844,0.9794869444611145,0.049,0.023
1407,-1.31069152811184,-1.30209349452108,-2.06029315128172,-1.7383891580345,-1.66927406408476,1,3331.0651863988,0.0,0.16493777613875832,0.0202,0.0
1408,0.0860645520896206,0.302259691470128,0.0348672283521246,-0.35400031959466,0.0846295686610656,3,64062.90846358852,274.2230415984897,1.1174310059720511,0.0573,0.0002
1409,-0.865794689353494,-1.27314000187229,-6.28090191837662,-4.85853533048097,-2.85183847774592,1,464212.2960467301,9540.79855721478,1.0084562636292482,0.4603,0.0095
1410,0.634824941251315,0.545843345135712,0.669491497834256,0.38402538602227,0.631667431696907,4,1097534.1379425437,187993.0377834057,3.1688970789505886,0.3463,0.0593
1411,1.03170093237153,1.40991934317465,1.33048477811155,1.32665784071194,1.39479322654477,5,280047.0965047652,74204.51653890075,3.0021897898627063,0.0933,0.0247
1412,0.662322670699182,0.85471924498944,0.878745016237695,0.97140952868545,0.9034690214781,4,17166604.20446743,1504299.0328274132,20.327414800682757,0.8445,0.074
1501,-0.243560320253833,-0.964472852896695,-0.64258142177993,-0.417861881654361,-0.643072374732186,2,38372.959877731315,0.0,0.44681983108736745,0.0859,0.0
1502,0.0814287530027066,-0.909155724778497,-0.304688307512571,0.387426668631563,-0.29091532780593,3,11645.67379393224,0.0,0.3962497474858393,0.0294,0.0
1503,0.0678103080589672,-0.91723169263433,-0.605646080109875,-0.367562995795069,-0.494266634795125,2,17634.395502152754,0.0,0.6818955667104482,0.0259,0.0
1504,-0.211458222431847,-1.13050225549168,-0.552078064416181,-0.820900131490005,-0.750430757977488,2,13659.779942541703,33375.66295191359,0.40846675208211675,0.0334,0.0817
1505,-0.245587970245834,-0.876672092010354,-0.836988900742278,-0.589616663370726,-0.679071756554558,2,133057.32881354797,9897.613271513115,0.7677467947183272,0.1733,0.0129
1506,-0.282064633215916,-0.98432797479002,-0.58363517922734,-0.411361888377972,-0.652556603959531,2,13943.654442882767,271.76308384469405,0.526663565532929,0.0265,0.0005
1507,-0.756184127887857,-0.962503949412708,-0.960467940684172,-0.406382056123589,-0.888668645050985,1,29318.762712309603,98.26547606585176,0.6884676804912448,0.0426,0.0001
1601,0.213389866040405,-0.965032872022055,-0.524342907992422,-0.404608426627189,-0.44990660287638,2,15040.11983110893,0.0,0.5113933967000963,0.0294,0.0
1602,-0.298220291162835,-1.23490632239976,-0.880704962801862,-0.853260684767563,-0.887927393274782,1,10917.779815839369,0.0,0.300580793367545,0.0363,0.0
1603,-0.848354156477674,-0.899232122806836,-0.706583259876601,-0.789912054093119,-0.923340947122701,1,9614.628185591326,0.0,0.692933672645744,0.0139,0.0
1604,-0.238903271047821,-0.717115562751647,-0.185214522546131,-0.210167523158946,-0.4268182815633,2,11303.884751686013,0.0,0.386133892436061,0.0293,0.0
1605,-0.196618939079924,-0.614825533719521,-0.165204459106838,0.0742197028385316,-0.317026254057624,3,9558.364424388772,0.0,0.5822050104743962,0.0164,0.0
1606,-0.567101421200959,-0.63313822109938,-0.708776351978743,-0.777374889076168,-0.718935073869337,2,69347.5729044509,0.0,0.7516986714778461,0.0923,0.0
1607,-0.186039406582914,-0.519938867778344,-0.169744492692135,-0.603355348681791,-0.404183949787116,2,7970.488841660928,0.0,0.424236099074209,0.0188,0.0
1608,-0.430281496556318,-0.0560699800341566,0.644915215605316,0.433449992481574,0.0195450276362944,3,12564.65737082254,0.0,0.9977468428363765,0.0126,0.0
1609,1.53184125831674,1.73509778915844,1.46071534091969,1.19674285629483,1.7001806558525,5,1502436.9755141512,128508.14656116941,3.7161423028187457,0.4043,0.0346
1610,-0.508468798110836,-1.25868574732404,-0.990312280650817,-0.897659029480833,-1.00299411917387,1,8144.760317588248,0.0,0.3053988326897206,0.0267,0.0
1701,0.344325607269659,-0.609967842476821,0.14263506185581,0.295704890808212,-0.0171925459066608,3,28422.14605860145,0.0,0.6689856562567769,0.0425,0.0
1702,0.133835395867629,-0.929414142338888,-0.499564064642058,-0.289599558734996,-0.44030332348231,2,16191.080981512547,0.0,0.6382615903964949,0.0254,0.0
1703,-0.125588647804528,-0.691183246251824,-0.440965203243423,-0.0808915313658479,-0.398698313048356,2,23009.495398926345,0.0,0.7603166269332482,0.0303,0.0
1704,0.952264361021148,1.15481823330785,0.967399478608979,0.811153717175897,1.10851170595148,5,19087.36426455606,712.0862813326057,1.3111822797897106,0.0146,0.0005
1705,1.0093722893024,1.1147438325653,0.448318972057186,0.434277872832772,0.949082493304301,4,70952.53068437472,23652.276486201976,1.7994650714384772,0.0394,0.0131
1706,1.13595609291231,1.37751548187973,0.583644619972478,0.566243584866125,1.14256826748955,5,5141504.3298517605,436147.515532533,6.212326489790952,0.8276,0.0702
1801,2.59859101838192,2.81376571611026,1.61001581646903,1.15971547155691,2.51465197967209,5,158672.03693841095,12171.45729293022,0.7122502334090465,0.2228,0.0171
1802,1.56938845939285,0.384409505171375,0.565878712331526,0.697767455183455,0.956557947611822,5,74768.17037177696,0.0,0.8166684348703025,0.0916,0.0
1803,0.862852803478348,-0.283421485498373,0.157613088408207,0.354231180136225,0.309041413603693,4,12551.417965187295,0.0,0.7292913117927354,0.0172,0.0
1804,1.23890777657058,0.866570137484891,0.502577206819126,0.594054387512902,0.98177862043585,5,10561.148727968006,0.0,0.7727666476353269,0.0137,0.0
1805,1.97130010770785,2.24443089901488,1.12316510984227,1.03153118076373,1.95818986447958,5,1082269.6988718784,71708.34734994105,3.312570857130892,0.3267,0.0216
1901,1.13461335173629,1.48329269273851,0.519237763453265,0.679668540692179,1.19027129353589,5,2449554.6204102854,1209237.599871925,6.878651286371012,0.3561,0.1758
1902,-0.383195084629134,-0.665053882070614,-0.823365401172326,-0.83092987868395,-0.693808371554894,2,22148.5831208823,532.1006194234227,0.5656259475229187,0.0392,0.0009
1903,0.514242727673164,-1.10481515321148,-0.129990831928342,0.54239979294083,-0.142198027381583,3,11706.42650845501,395.6707349458985,0.6168621633196413,0.019,0.0006
1904,0.837026154683695,0.190463958847231,0.151068290866424,0.163578477699486,0.43832516311981,4,105895.02168646909,3738.18881106762,1.2359301998487933,0.0857,0.003
1905,0.93307398969922,1.40361951854487,0.446594179867251,0.138515841253398,0.972698055866091,5,138565.1163928614,263.39942770665397,1.4940429778172273,0.0927,0.0002
1906,1.63910300679714,3.35087715092823,1.30488362676328,1.14625336601349,2.29946011141874,5,2654950.550741732,179532.18362158275,5.550756586761912,0.4783,0.0323
1907,1.39292444223677,2.27671792333698,1.02531700614957,0.90282955887786,1.71425643871067,5,2633158.2004758273,182378.3047310767,3.895758749982977,0.6759,0.0468
1908,0.473866575857888,0.0674140464905567,-0.0724446503395586,-0.180580090895392,0.153444708329492,3,32754.338175071665,0.0,0.7281650870523177,0.045,0.0
1909,1.86113629033553,2.00753610445231,1.16179605287879,1.14042880175849,1.8570838406517,5,9483.538881435681,0.0,0.7005745167552839,0.0135,0.0
1910,1.17256092012293,1.83454039513902,0.81159589261307,0.751561146934544,1.40163300786573,5,422477.66344114183,18204.565286662197,3.2650604480326253,0.1294,0.0056
2001,-0.97658034584081,-0.996334378363638,-1.44766228444603,-1.01343008355816,-1.18512958176827,1,203799.91548150868,667233.7065464148,1.3231684588837764,0.154,0.5043
2002,-0.610967302649183,-0.99033362673976,-1.11587904828877,-0.92371404722845,-0.969682554548429,1,140552.4190996391,317195.682452641,0.9641050842637059,0.1458,0.329
2003,0.173054439063585,-0.744696653206725,-0.47710234967077503,-0.281737954891807,-0.351848259383678,2,30289.012844388024,0.0,0.46614153225193883,0.065,0.0
2004,-0.596754118780001,-0.89788660807944,-0.632246388695292,-0.41802599914659,-0.747222284266854,2,95209.0532531092,129994.81628456517,0.6494701599322392,0.1466,0.2002
2005,-0.037598985092661,-1.00992165502051,-0.732560857141007,-0.565707589614154,-0.627682349306274,2,43921.90859541575,53041.76310118491,0.4294102321818729,0.1023,0.1235
2006,-0.844316367358551,-1.09633132427071,-1.90932423114255,-2.34456672653031,-1.50481779895242,1,57672.47716320352,35469.743790454144,0.5362740822717514,0.1075,0.0661
2007,-0.698622084154344,-0.917744863204181,-1.05855565088556,-0.966540673934364,-0.972574710233779,1,65859.27801995305,150077.22665098784,0.708368321328156,0.093,0.2119
2008,-0.291681872691339,-0.836423370623562,-0.371791592644929,-0.00210067414041993,-0.486507041209305,2,358.67089753205124,0.0,0.6305811891657421,0.0006,0.0
2101,-0.133905923486537,0.837229577760006,0.999072689330879,0.724817934926854,0.579075758581928,4,3275681.2021589726,82380.91303666779,9.15222149141212,0.3579,0.009
2102,-0.697579203193195,0.0262653034066723,0.503791104309421,0.432873558453042,-0.0750936153628631,3,18970.724448211666,47.47070535655372,1.1790689832126031,0.0161,0.0
2103,-0.872005441405931,0.000272323610328767,0.544647697740941,0.252979081166435,-0.174958014447443,3,326548.6122901979,65070.78791602476,2.1937026012576055,0.1489,0.0297
2104,-0.645020906316998,-0.0118406825333775,0.284807583681986,-0.164996395712584,-0.220845588193956,3,41066.780548265764,0.0,1.3229592924023577,0.031,0.0
2105,-1.45365262624506,-1.01459418044542,-1.8472990327173,-2.43483765991449,-1.70522940533676,1,198265.1114549991,4289.935232221184,3.167333605791759,0.0626,0.0014
2106,0.165038014508353,-0.0949739710438026,0.394533144702837,0.285461319613243,0.151703348972671,3,17243.58152660196,609.5621804698042,0.7097400855750068,0.0243,0.0009
2107,-0.867382166690186,-0.71652409261462,-0.797485488464132,-0.770478722556278,-0.876007114767088,1,43669.97135893785,1601.3769986888035,2.3256974819335956,0.0188,0.0007
2108,-1.30675670886983,-0.726087516825022,-0.587608022421698,-1.30892334448462,-1.10287018979476,1,223294.54216074725,846.8538634875442,1.565628472448042,0.1426,0.0005
2109,-1.08753797137677,-0.450868952046946,-0.706924028689667,-0.864261428201398,-0.859770359111817,2,11857.724631513818,0.0,0.9777025952875347,0.0121,0.0
2110,-1.46833563497558,-1.22039075667783,-2.50606182558207,-1.80906097653405,-1.79289811534498,1,4736.395013612856,0.0,0.5125876009429838,0.0092,0.0
2111,-0.904743927158985,-0.321009452312657,0.111856011628814,0.134344435148213,-0.407929708259143,2,77149.65654619243,24131.918425964588,0.662425409081621,0.1165,0.0364
2112,-1.3236283609831,-0.884519782902818,-1.19630854016471,-1.92931261958714,-1.39507703175292,1,140205.0594125173,32608.50913328537,1.1793386009798876,0.1189,0.0276
2113,-0.126713444628378,0.82291464099584,0.984975742011127,0.796023199912682,0.587004478015078,4,534346.013159422,62767.96490476144,3.778671134163645,0.1414,0.0166
2114,-1.47394301663951,-0.98753909335767,-2.02707200197596,-2.20447797322731,-1.69336943548349,1,10063.872431767677,2624.0543255031785,0.6812716241993775,0.0148,0.0039
2115,-0.747468314043852,-0.375425610668444,-0.241845232608045,-0.543988374885666,-0.56077854112613,2,21156.109485009492,5859.196845554816,0.516764881761089,0.0409,0.0113
2116,-0.257774847361498,0.816367920903543,0.991508177547755,1.07075987652954,0.588124115705742,4,1338858.887665321,549337.1225678996,2.8942684937404337,0.4626,0.1898
2117,-1.55242945207381,-1.27500305016756,-2.55715864165136,-2.49757025728232,-1.98102254208085,1,383116.5505538365,183453.16764001973,1.2264243320610222,0.3124,0.1496
2118,-0.839915053442685,-0.598518006632647,-0.694966670456736,-1.02530901578925,-0.85036292036329,2,5603.505252386446,0.0,0.40454365534242814,0.0139,0.0
2119,-1.05152915659094,-0.573827662889666,0.043367762246451,-0.139766965325577,-0.619137014042616,2,24569.631388700247,959.8466689827183,0.5864044001022894,0.0419,0.0016
2121,-1.13539670802953,-1.11515220601907,-1.55247606967331,-1.17075403710679,-1.33633045467867,1,13846.9202605594,0.0,0.42261297769939904,0.0328,0.0
2122,-0.55455669250203,-0.644139264740989,-0.304852254603004,-0.452653235290116,-0.58358168688672,2,378789.8086305906,174466.35010480872,1.2382542890409718,0.3059,0.1409
2123,-0.572626572046867,-0.608555584168095,-0.435825270667445,-0.775174647329058,-0.66098819015742,2,5348.678893072261,0.4215262579186835,0.4533369294673442,0.0118,0.0
2124,-0.249325101821767,-0.0654647485879774,0.450656706926189,0.459476398464882,0.0518957696926804,3,38311.79886336999,204.45529408702163,0.693784656640047,0.0552,0.0003
2125,-0.388507622227481,-0.179824698331723,0.859427630320789,0.585189624096706,0.0569639777511627,3,84121.11257322875,756.2883866013383,1.6191104737093938,0.052,0.0005
2126,-0.275324311539089,-0.258995007740635,-0.155353773339482,0.0774476102092607,-0.212083774430354,3,61475.152964232126,172.9612088224032,0.5842861534114401,0.1052,0.0003
2127,0.666911932404402,1.43426682731729,1.08169543070188,1.16235080579954,1.19243281034284,5,721368.7604224168,608399.8672779949,2.0845847940258944,0.346,0.2919
2128,-1.58297983217687,-1.01056898833236,-0.930814083063342,-2.59398874029436,-1.61149632375774,1,937.077937346782,95.21068156274141,0.6453811000301649,0.0015,0.0001
2129,-0.645463900861948,-0.3641934946948,0.549350867115051,0.253209443797174,-0.225070910736182,3,15898.816856266392,11198.988523339374,0.4114473265508371,0.0386,0.0272
2201,-0.499297612936237,0.519263017452475,1.04414292941417,1.05584030580791,0.395833679410697,4,690996.1139246508,333608.5734217892,4.9735082392525385,0.1389,0.0671
2202,-0.624758481804209,0.350986189608825,1.28266437219877,1.0086388971098,0.322554271798248,4,2292137.2463512816,270906.8318517974,10.04377723791081,0.2282,0.027
2203,-0.750764063624222,0.049838023255057,0.519638090079543,1.05612280521452,0.0321690332059704,3,337720.2545878916,76314.62044872982,4.3674297175432315,0.0773,0.0175
2204,-0.790241350726626,0.329776410800376,1.13251193199377,1.09021566324521,0.240801905531385,4,519187.1439017444,19320.8345655667,4.64351734343156,0.1118,0.0042
2205,-0.2691989643692,-0.122969553922808,0.562365502141981,0.333987711398632,0.0207203535101314,3,504238.4328985101,59903.93739761101,5.683434458691969,0.0887,0.0105
2206,-1.2983811468239,-0.64575814615918,-0.757777695006092,-1.16269254380279,-1.07448167194222,1,153279.50330627643,3399.6582569006982,1.8142065096803541,0.0845,0.0019
2207,-0.576052464735456,0.492825085071214,1.04983568803551,1.16486645042206,0.378877506131987,4,374327.56708324415,150908.00565848284,5.505824908005132,0.068,0.0274
2208,-1.00598877125847,-0.719122929034298,-0.589530958383909,-0.833233895451159,-0.901388013995838,1,133527.1709025467,0.0,3.430645432607257,0.0389,0.0
2209,-0.840355517678783,-0.626251896319865,-0.694640115290332,-1.07845021800607,-0.870555569008094,1,63039.388634438874,0.0,1.2544167788147138,0.0503,0.0
2210,0.137196809969292,0.0546305894187942,0.572315850584484,0.658526148421065,0.298643868233197,4,65577.780710131,356.39785588142644,0.987020076720464,0.0664,0.0004
2211,-0.18008176054857,-0.200316630549519,-0.448087567789437,-0.289130614933137,-0.277097473596252,3,1139277.0763400823,1624187.4070431704,3.8772377477206907,0.2938,0.4189
2212,-0.231580967709944,-0.0258860314317405,-0.173492314632495,0.149578753776191,-0.0996741025876256,3,24997.69249749849,0.0,0.6990605351697414,0.0358,0.0
2213,-0.68288418548175,-0.661876152428739,-0.812789585086269,-0.696776976320655,-0.776732203679436,2,15465.1466951969,0.0,0.48869473789219914,0.0316,0.0
2214,-0.995965663368304,-0.13676951144177,0.148378889846909,0.181372741265965,-0.358062355218481,2,26264.64132053601,0.0,0.743626664149027,0.0353,0.0
2215,-1.24025744512364,-0.732694047130223,-1.06989009496272,-1.47885508321964,-1.20135688889835,1,82637.03595371523,0.0,0.8680264579054439,0.0952,0.0
2216,-1.19350010642349,-0.727520872610065,-0.314108273886112,0.15163370907609,-0.74074120582893,2,36619.260498731426,762.1619725342495,1.0480210362652929,0.0349,0.0007
2217,0.405626869274684,0.970599623943241,1.20615169063596,1.21005426759179,0.956080125357514,5,344033.01081967837,227435.78568239472,2.0758405132251507,0.1657,0.1096
2218,-0.417327832678392,-0.231180209202827,0.295789340605713,0.0962560581478841,-0.167398254601696,3,176228.01304055113,0.0,0.7679294893435952,0.2295,0.0
2219,-0.824342627465054,-0.666529949699006,-0.279050534326666,-0.514421500251931,-0.698326231594043,2,2988.139954426173,0.0,0.4296271326379378,0.007,0.0
2220,-1.05916329861876,-0.748710760817976,-0.847608538141257,-1.04438636682231,-1.01880269080316,1,176258.57445513443,2379.0643824475947,1.0307850060491421,0.171,0.0023
2221,0.384712694510118,0.4089109070764,1.10326896033821,0.886492165576357,0.661662262550683,4,8127.878910403293,62.89576978953636,0.5975763028986729,0.0136,0.0001
2222,-0.874311148415102,-0.313875133127035,0.402639720436764,0.666843150009192,-0.241743801350276,3,54545.151408465885,0.0,0.9491996534098434,0.0575,0.0
2223,-0.1471465537617,0.0876988983585523,0.763957395067976,0.518382370794284,0.215209812128319,4,38200.74140111861,0.0,1.098266457287488,0.0348,0.0
2224,-0.410359121191887,0.269521141978883,0.885098018103606,0.707725757373506,0.242531454040452,4,158695.67041498865,270.8232389497159,2.2508566075704812,0.0705,0.0001
2225,0.511873851263148,1.23112245586724,1.44388974042676,1.12533957167595,1.1200733885532,5,1600.5465780035233,0.0,0.6037213755243814,0.0027,0.0
2226,0.228332266092608,0.930391930319056,1.04043053568131,1.20134505823944,0.843349017113946,4,3267403.4190854994,1400448.2256317234,7.2098280978993605,0.4532,0.1942
2227,-0.404151131877114,0.512618862883557,1.01815749528273,0.810224322988167,0.378335506882023,4,173664.97201127617,92.99657417564656,3.21575389740552,0.054,0.0
2228,-0.564842467985047,0.189361158249847,0.83056190199558,0.469448898787776,0.101560977351577,3,66343.2421681284,821.4067225613321,0.9470046151388714,0.0701,0.0009
2229,-0.73872507862826,0.205662020722557,0.766435446635756,1.13526053255798,0.154560737762032,3,50380.27176307022,0.0,1.9170687712615428,0.0263,0.0
2232,0.777952399039382,0.512961703501368,0.692788763561184,1.01371842246426,0.793241009360396,4,944806.6964469922,633610.6234774166,2.365463467542382,0.3994,0.2679
2301,-0.860348063927033,-0.191281022282231,0.0485779926400471,0.275360223597623,-0.329132269118453,2,216374.42663216952,43860.31458266631,1.0417113366628705,0.2077,0.0421
2302,-0.718523132725469,-0.397389241164576,0.286776423048362,0.57909524535926,-0.252669136296419,3,17905.031749085494,9810.751810346199,1.2485666459079001,0.0143,0.0079
2303,-0.41170644149815,0.400274193514285,0.403883093647307,0.478018848546985,0.158901687665628,3,141293.41410567056,132861.97809857992,1.4650161150967305,0.0964,0.0907
2304,-0.563681722208329,-0.527184890206668,0.188647804321019,0.237424996338955,-0.324755813141574,2,75780.2840487586,543.7782510980172,1.4743162602107271,0.0514,0.0004
2305,-0.876964014473138,-0.341522700038963,-0.101848109857907,-0.34363997571669,-0.533187466172658,2,278994.19506045093,59766.38833498414,1.7653553450173336,0.158,0.0339
2306,-0.22154473824378,-0.111487779361455,0.599811714352175,0.859170246055066,0.146670949148796,3,13536.127749892417,2413.044941387475,2.23622836028939,0.0061,0.0011
2307,-0.582088527060535,-0.242245343266796,-0.0546503639206313,-0.0286503469832183,-0.320373356417908,2,71460.39769783629,69733.66843914143,1.304948143276622,0.0548,0.0534
2308,-0.209478730646185,0.0167375234358258,0.428548902159053,-0.147146861605683,-0.0192524169150473,3,120254.2441840561,41007.881147270884,1.4572077593065633,0.0825,0.0281
2309,0.00783977015763141,0.462461384699022,0.200166193360452,0.0591446348247918,0.221955659211103,4,24122.06867205951,13146.61126757288,1.3337964333689125,0.0181,0.0099
2310,-0.634212486910447,-0.301599038996166,-0.377918863762676,-1.14712705227062,-0.628303729718819,2,97658.05728754861,36405.00462937842,0.6563386812636487,0.1488,0.0555
2311,-0.155319994934726,0.0800054526231248,0.238621067744598,0.362021140374671,0.0832418250325565,3,33483.377251063794,45316.73547046695,0.7478314445901482,0.0448,0.0606
2312,-0.215391156228981,0.259543541052622,-0.404796281193234,-0.802294245891861,-0.206949005277995,3,79699.61609994732,72357.127038636,1.1842862754949475,0.0673,0.0611
2313,0.813708553582265,1.24839310918057,0.813618804946615,0.913581331710908,1.0823717748716,5,159270.79057674215,7600.495505948062,1.430897261155851,0.1113,0.0053
2314,0.805722022914833,1.28008433407022,0.697478024775466,0.621575534943539,1.01564389437319,5,25200.79858887676,67779.29452361104,1.3025623120528695,0.0193,0.052
2315,1.26761975862353,2.07698631828181,1.03215943405517,0.955198519110528,1.60496104006165,5,537388.2063093587,108389.17283747096,1.7363011290187955,0.3095,0.0624
2316,-0.0384462791512117,0.315259748094833,0.839465740432705,0.834992500834973,0.412143261956376,4,4979837.005384359,347859.9532652062,6.141338191190127,0.8109,0.0566
2317,-0.41083330194754,0.503588671385711,0.921774428194238,1.08810906820147,0.40609620757337,4,171485.8450884914,31582.823743116773,2.1506765107165227,0.0797,0.0147
2318,-1.13805416433534,-0.177752809588188,-0.123181689721106,0.210760658749169,-0.470586530762376,2,211950.71029542672,4391.600604862944,2.786809280761027,0.0761,0.0016
2319,-0.63772724080964,0.119943612588685,0.326024338936671,0.481803369610559,-0.0421264505611869,3,108720.05072030262,6093.068400110311,0.5796496063615086,0.1876,0.0105
