district_code,census_district_code,total_flats,no_central_heating,central_heating,owner_private,owner_public,owner_nonprofit,owner_other
90100,90101,2686,94,2592,1271,483,4,928
90100,90102,945,31,914,559,33,4,349
90100,90103,1294,34,1260,708,74,0,512
90100,90104,922,36,886,418,200,0,304
90100,90105,1302,51,1251,610,217,13,462
90100,90106,1808,54,1754,979,341,18,470
90100,90107,1815,46,1769,985,337,11,482
90200,90201,8637,64,8573,1648,2100,3479,1410
90200,90202,6319,643,5676,4632,784,224,679
90200,90203,7702,576,7126,4916,1045,745,996
90200,90204,8150,595,7555,5494,1450,439,767
90200,90205,5288,331,4957,3623,903,259,503
90200,90206,5168,195,4973,2825,915,453,975
90200,90207,7503,706,6797,5210,1319,211,763
90200,90208,2401,46,2355,1028,516,280,577
90200,90209,7844,276,7568,2063,4423,911,447
90300,90301,6704,539,6165,4987,690,303,724
90300,90302,5140,279,4861,3540,632,228,740
90300,90303,3902,145,3757,1857,799,265,981
90300,90304,6616,558,6058,5316,725,124,451
90300,90305,5124,272,4852,3472,388,482,782
90300,90306,9257,512,8745,4585,2910,891,871
90300,90307,4620,142,4478,1064,1210,1081,1265
90300,90308,1141,9,1132,148,894,98,1
90300,90309,5210,261,4949,3528,628,539,515
90300,90310,5775,325,5450,2308,2056,594,817
90300,90311,2615,28,2587,665,1058,891,1
90400,90401,1498,47,1451,782,184,0,532
90400,90402,6347,314,6033,3994,802,360,1191
90400,90403,7617,421,7196,5298,682,547,1090
90400,90404,4046,207,3839,2778,975,0,293
90500,90501,7534,562,6972,5022,655,686,1171
90500,90502,11545,894,10651,5745,4111,821,868
90500,90503,10105,965,9140,6966,1612,422,1105
90500,90504,4146,282,3864,2940,213,202,791
90600,90601,4450,311,4139,3034,550,127,739
90600,90602,6006,373,5633,4186,852,567,401
90600,90603,8253,370,7883,5891,770,705,887
90700,90701,3380,194,3186,2156,322,78,824
90700,90702,1902,56,1846,1424,126,114,238
90700,90703,3022,108,2914,1714,309,354,645
90700,90704,6094,260,5834,4459,483,285,867
90700,90705,5198,354,4844,3781,285,312,820
90800,90801,2752,106,2646,1686,440,142,484
90800,90802,6697,296,6401,5091,425,204,977
90800,90803,4952,235,4717,3709,310,106,827
90900,90901,5957,359,5598,3282,1247,198,1230
90900,90902,6535,439,6096,4402,804,394,935
90900,90903,3168,159,3009,1772,578,355,463
90900,90904,5970,461,5509,4606,471,156,737
90900,90905,3126,175,2951,1960,240,20,906
90900,90906,1129,102,1027,661,166,0,302
91000,91001,5421,28,5393,967,494,2680,1280
91000,91002,10344,697,9647,5149,3542,1080,573
91000,91003,4082,313,3769,1700,1308,738,336
91000,91004,4875,390,4485,3662,555,172,486
91000,91005,9324,593,8731,4982,963,2530,849
91000,91006,6693,658,6035,4327,785,1096,485
91000,91007,6925,242,6683,3331,897,2293,404
91000,91008,5065,264,4801,2878,605,1307,275
91000,91009,2462,43,2419,194,1144,947,177
91000,91010,9548,247,9301,1458,4849,2869,372
91000,91011,4828,155,4673,874,2822,1043,89
91000,91012,1326,0,1326,73,0,729,524
91000,91013,3220,124,3096,458,1214,1545,3
91000,91014,2237,145,2092,72,1657,508,0
91000,91015,4384,71,4313,1408,568,1644,764
91000,91016,4219,174,4045,1302,1329,1516,72
91000,91017,470,15,455,300,0,123,47
91000,91018,3280,30,3250,1239,281,926,834
91000,91019,2138,88,2050,1321,366,193,258
91000,91020,4742,0,4742,0,4724,0,18
91000,91021,3848,3,3845,710,2257,785,96
91000,91022,4075,255,3820,3095,25,653,302
91000,91023,5845,276,5569,1668,2139,1214,824
91100,91101,1528,3,1525,397,192,677,262
91100,91102,9531,359,9172,2799,3265,2613,854
91100,91103,9713,480,9233,4251,2877,1813,772
91100,91104,2986,125,2861,737,751,965,533
91100,91105,6532,82,6450,877,2873,2186,596
91100,91106,170,18,152,77,80,13,0
91100,91107,3642,93,3549,1176,1975,367,124
91100,91108,572,8,564,183,21,360,8
91100,91109,1040,14,1026,493,35,484,28
91100,91110,12172,53,12119,1766,4996,4848,562
91100,91111,2525,114,2411,727,1025,695,78
91100,91112,199,19,180,146,9,44,0
91100,91113,2735,49,2686,945,50,1558,182
91200,91201,2850,98,2752,1623,402,346,479
91200,91202,9620,576,9044,4317,3547,1358,398
91200,91203,2694,75,2619,5,2588,0,101
91200,91204,5540,289,5251,3729,636,685,490
91200,91205,5124,267,4857,2863,732,895,634
91200,91206,6005,374,5631,4545,181,572,707
91200,91207,3811,86,3725,906,2014,838,53
91200,91208,3002,165,2837,1619,356,528,499
91200,91209,3387,21,3366,458,2908,9,12
91200,91210,5900,130,5770,1894,979,2451,576
91200,91211,6244,148,6096,2883,1096,1682,583
91300,91301,327,9,318,103,216,8,0
91300,91302,3776,83,3693,3153,238,144,241
91300,91303,5790,129,5661,3519,559,771,941
91300,91304,6318,136,6182,4522,424,908,464
91300,91305,2951,55,2896,2117,409,332,93
91300,91306,1692,31,1661,1175,24,351,142
91300,91307,1859,45,1814,792,665,281,121
91300,91308,4270,68,4202,2288,887,625,470
91300,91309,2609,88,2521,385,1731,300,193
91300,91310,265,5,260,141,42,0,82
91300,91311,2354,67,2287,2249,3,45,57
91400,91401,5286,227,5059,3100,362,893,931
91400,91402,5210,500,4710,3478,1029,418,285
91400,91403,5486,270,5216,3566,1093,497,330
91400,91404,11912,606,11306,4896,2911,2462,1643
91400,91405,3067,86,2981,1290,895,619,263
91400,91406,6986,356,6630,3524,1117,1817,528
91400,91407,1542,75,1467,1,1541,0,0
91400,91408,2425,70,2355,1141,671,437,176
91400,91409,174,0,174,8,3,148,15
91400,91410,5195,174,5021,3023,824,925,423
91400,91411,4272,288,3984,4087,36,105,44
91400,91412,3722,215,3507,2749,218,430,325
91500,91501,6192,354,5838,2938,1830,749,675
91500,91502,5941,523,5418,4530,498,331,582
91500,91503,6784,523,6261,4864,711,389,820
91500,91504,4757,377,4380,2662,826,325,944
91500,91505,6008,365,5643,3900,1406,381,321
91500,91506,8510,872,7638,6098,1038,637,737
91500,91507,4953,246,4707,1779,2316,660,198
91600,91601,8370,650,7720,6785,472,644,469
91600,91602,4593,588,4005,3604,242,223,524
91600,91603,7277,281,6996,1668,3856,1359,394
91600,91604,4771,283,4488,2890,619,925,337
91600,91605,9466,705,8761,6064,767,1656,979
91600,91606,5712,249,5463,2133,2914,284,381
91600,91607,6785,393,6392,2973,1297,1674,841
91600,91608,2617,45,2572,1188,715,523,191
91600,91609,3456,58,3398,2026,45,1249,136
91600,91610,6000,818,5182,4615,712,180,493
91700,91701,6820,666,6154,5159,253,804,604
91700,91702,8642,630,8012,6469,1135,412,626
91700,91703,10125,751,9374,5750,1927,1258,1190
91700,91704,2501,68,2433,1756,444,107,194
91700,91705,3964,161,3803,2648,750,415,151
91700,91706,1581,77,1504,1199,207,81,94
91800,91801,1270,22,1248,1186,34,0,50
91800,91802,8529,576,7953,6573,901,213,842
91800,91803,9734,742,8992,7087,1202,378,1067
91800,91804,6080,238,5842,3916,1226,506,432
91800,91805,5533,112,5421,3919,490,428,696
91900,91901,3868,150,3718,2663,675,345,185
91900,91902,5661,194,5467,1830,2479,1005,347
91900,91903,349,0,349,64,3,98,184
91900,91904,8453,353,8100,4996,2001,511,945
91900,91905,4331,86,4245,2309,1322,413,287
91900,91906,3049,49,3000,2297,151,384,217
91900,91907,1788,42,1746,1413,132,174,69
91900,91908,7692,183,7509,3741,2645,781,525
91900,91909,2559,31,2528,1928,163,284,184
91900,91910,5444,137,5307,3187,1172,805,280
92000,92001,4161,68,4093,824,2852,290,195
92000,92002,8626,654,7972,4367,2045,1479,735
92000,92003,8110,716,7394,5866,729,447,1068
92000,92004,4342,90,4252,973,1784,1031,554
92000,92005,6368,673,5695,4644,1028,185,511
92000,92006,4654,207,4447,1813,2498,217,126
92000,92007,6791,235,6556,1794,2816,1409,772
92000,92008,3651,179,3472,2091,67,1033,460
92100,92101,964,43,921,728,37,110,89
92100,92102,4382,64,4318,1512,518,1958,394
92100,92103,3603,13,3590,715,1029,1735,124
92100,92104,2297,52,2245,1365,482,382,68
92100,92105,8156,43,8113,1380,5883,840,53
92100,92106,1804,24,1780,524,8,1167,105
92100,92107,4225,54,4171,1395,794,1356,680
92100,92108,2664,8,2656,733,947,556,428
92100,92109,3545,56,3489,1077,2380,18,70
92100,92110,3642,79,3563,587,2293,617,145
92100,92111,2554,28,2526,740,502,849,463
92100,92112,3771,25,3746,960,1996,785,30
92100,92113,2909,39,2870,1135,165,1225,384
92100,92114,2905,201,2704,416,2024,320,145
92100,92115,2651,21,2630,630,1027,973,21
92100,92116,1800,69,1731,1359,51,363,27
92100,92117,4105,97,4008,686,3123,207,89
92100,92118,4341,183,4158,2266,844,1088,143
92100,92119,2843,53,2790,1312,348,996,187
92100,92120,1244,15,1229,343,26,117,758
92100,92121,4270,199,4071,1396,1694,933,247
92100,92122,5662,119,5543,2899,896,1688,179
92100,92123,6432,220,6212,4326,728,847,531
92100,92124,3188,29,3159,1001,570,1185,432
92100,92125,3397,42,3355,641,997,957,802
92100,92126,4629,75,4554,1096,1599,1307,627
92100,92127,974,50,924,887,29,7,51
92100,92128,206,18,188,153,38,14,1
92100,92129,678,0,678,225,9,282,162
92100,92130,13,0,13,10,0,0,3
92200,92201,1123,65,1058,829,47,186,61
92200,92202,2880,53,2827,1672,116,929,163
92200,92203,917,62,855,863,6,22,26
92200,92204,2168,74,2094,1401,11,685,71
92200,92205,7351,34,7317,2340,149,3715,1147
92200,92206,5220,63,5157,888,2941,961,430
92200,92207,2398,84,2314,1316,60,964,58
92200,92208,9119,56,9063,2143,3082,3309,585
92200,92209,7192,47,7145,1433,3031,2421,307
92200,92210,4825,17,4808,938,640,2037,1210
92200,92211,7527,142,7385,2656,2313,1429,1129
92200,92212,2074,64,2010,798,546,458,272
92200,92213,4066,32,4034,1005,2120,542,399
92200,92214,2440,57,2383,242,755,1443,0
92200,92215,4451,73,4378,540,2718,1015,178
92200,92216,1189,14,1175,95,344,607,143
92200,92217,1923,120,1803,1637,15,37,234
92200,92218,3772,31,3741,256,1219,2243,54
92200,92219,3836,123,3713,1638,863,991,344
92200,92220,1639,16,1623,337,758,404,140
92200,92221,1681,30,1651,906,12,388,375
92200,92222,3102,25,3077,214,735,1684,469
92200,92223,3495,48,3447,1123,510,1311,551
92200,92224,2700,39,2661,711,198,1668,123
92200,92225,1118,47,1071,890,1,211,16
92200,92226,2343,148,2195,1887,16,267,173
92200,92227,4042,72,3970,2193,253,1437,159
92200,92228,2208,24,2184,1014,87,760,347
92200,92229,1852,65,1787,1357,16,390,89
92200,92230,14,0,14,10,4,0,0
92200,92231,1491,1,1490,370,407,619,95
92200,92232,2516,17,2499,1044,30,1154,288
92300,92301,1615,36,1579,750,239,494,132
92300,92302,3061,132,2929,1243,458,788,572
92300,92303,2322,58,2264,1619,246,436,21
92300,92304,6405,29,6376,1265,1742,2502,896
92300,92305,4737,116,4621,1604,1182,1746,205
92300,92306,949,22,927,390,74,316,169
92300,92307,6117,198,5919,2340,1751,1439,587
92300,92308,4216,39,4177,1100,977,1254,885
92300,92309,3995,78,3917,2022,1134,585,254
92300,92310,2684,31,2653,678,1350,417,239
92300,92311,4628,95,4533,1852,748,1447,581
92300,92312,3034,67,2967,1368,1081,515,70
92300,92313,2312,33,2279,1374,183,735,20
92300,92314,2759,60,2699,1874,456,267,162
92300,92315,1293,29,1264,886,6,382,19
92300,92316,1791,48,1743,721,150,356,564
92300,92317,153,7,146,139,1,2,11
92300,92318,2806,18,2788,598,1168,1022,18
92300,92319,5018,25,4993,198,783,4019,18
