Hofname,clean_address,Wohnungen,Lokale
Per-Albin-Hansson-Siedlung-Ost,"1100 Wien, Jura-Soyfer-Gasse",4289,25
Rudolf-Hitzinger-Hof,"1210 Wien, Leopoldauer Straße",284,7
Großfeldsiedlung,"1210 Wien, St.-Michael-Gasse",5525,41
Georg-Emmerling-Hof,"1020 Wien, Obere Donaustraße",215,33
Eduard-Leisching-Hof,"1050 Wien, Johannagasse",283,16
Emmerich-Sailer-Hof,"1050 Wien, Kliebergasse",50,9
Per-Albin-Hansson-Siedlung-Nord,"1100 Wien, Saligergasse",533,29
Salvador-Allende-Hof,"1110 Wien, Wilhelm-Kreß-Platz",1154,28
Herbert-Böhm-Hof,"1110 Wien, Studenygasse",258,4
Karl-Swoboda-Hof,"1110 Wien, Florian-Hedorfer-Straße",589,5
Karl-Maisel-Hof,"1110 Wien, Koblicekgasse",1069,7
Karl-Kysela-Hof,"1160 Wien, Thaliastraße",191,14
Josef-Wiedermann-Hof,"1190 Wien, Billrothstraße",64,17
Franz-Koblizka-Hof,"1200 Wien, Adalbert-Stifter-Straße",466,6
Johann-Schauhuber-Hof,"1230 Wien, Rudolf-Zeller-Gasse",157,6
Erich-Deschermaier-Hof,"1130 Wien, Am Rosenberg",133,6
Josef-Matejcek-Hof,"1140 Wien, Mauerbachstraße",95,8
Willi-Liwanec-Hof,"1150 Wien, Minciostraße",264,11
Ernest-Bevin-Hof,"1170 Wien, Andergasse",202,19
Franz-Schreiner-Hof,"1180 Wien, Buchleitengasse",20,2
Emil-Reich-Hof,"1190 Wien, Döblinger Hauptstraße",111,10
Helmut-Qualtinger-Hof,"1190 Wien, Daringergasse",368,29
Arthur-Schnitzler-Hof,"1190 Wien, Döblinger Hauptstraße",47,3
Hans-Binder-Hof,"1070 Wien, Lindengasse",44,23
Schrödingerhof,"1100 Wien, Gußriegelstraße",238,3
Otto-Mraz-Hof,"1110 Wien, Hugogasse",79,2
Eduard-Pantucek-Hof,"1110 Wien, Simmeringer Hauptstraße",33,9
Johann-Holzer-Hof,"1110 Wien, Simmeringer Hauptstraße",70,5
Franz-Glaserer-Hof,"1140 Wien, Hackinger Straße",272,9
Paul-Richter-Hof,"1150 Wien, Grimmgasse",89,6
Alois-Küblböck-Hof,"1150 Wien, Grimmgasse",28,0
Karl-Honay-Hof,"1160 Wien, Gablenzgasse",233,7
Wilhelmine-Moik-Hof,"1160 Wien, Wattgasse",52,13
Schöffelhof,"1180 Wien, Wielemansgasse",162,12
Edwin-Schuster-Hof,"1190 Wien, Greinergasse",41,6
Johann-Kaps-Hof,"1200 Wien, Jägerstraße",728,33
Dr.-Ellenbogen-Hof,"1200 Wien, Brigittenauer Lände",353,3
Anton-Schmid-Hof,"1200 Wien, Pappenheimgasse",208,10
Marianne und Oscar-Pollak-Hof,"1210 Wien, Dunantgasse",450,6
Conrad-Lötsch-Hof,"1210 Wien, Floridsdorfer Markt",186,24
Oskar Helmer Hof,"1210 Wien, Roda-Roda-Gasse",784,16
Marschallhof,"1220 Wien, Am Kaisermühlendamm",245,5
Bundesländerhof,"1220 Wien, Bernoullistrasse",1094,5
Rudolf-Köppl-Hof,"1220 Wien, Eipeldauer Straße",1316,3
Professor-Rudolf-Boeck-Hof,"1230 Wien, Dr.-Barilits-Gasse",64,7
Harry-S.-Truman-Hof,"1230 Wien, Rudolf-Zeller-Gasse",485,23
Hans Weber-Hof,"1230 Wien, Ketzergasse",53,2
Johann-Radfux-Hof,"1230 Wien, Breitenfurter Straße",475,9
Wohnsiedlung Am Wienerfeld Ost,"1100 Wien, Bullgasse",426,16
Per-Albin-Hansson-Siedlung West,"1100 Wien, Malmögasse",1099,39
Wohnsiedlung Am Laaer Berg,"1100 Wien, Economogasse",215,0
Wohnsiedlung Am Wienerfeld West,"1100 Wien, Adolf-Kirchl-Gasse",145,2
Wohnsiedlung Weitmosergasse,"1100 Wien, Sickingengasse",33,1
Wohnsiedlung Weißenböckstraße,"1110 Wien, Weißenböckstraße",56,3
Wohnsiedlung Am Tivoli,"1120 Wien, Hohenbergstraße",370,11
Wohnsiedlung Lockerwiese,"1130 Wien, Camillianergasse",763,28
Wohnsiedlung Spiegelgrund,"1160 Wien, Dustmannweg",289,9
Siedlung Rodaun,"1230 Wien, Breitenfurter Straße",311,16
Irene-Harand-Hof,"1010 Wien, Judengasse",22,7
Ginzkeyhof,"1010 Wien, Johannesgasse",54,5
Wachauer Hof,"1020 Wien, Jungstraße",186,10
Lassalle-Hof,"1020 Wien, Lassallestraße",268,33
Hubert-Hladej-Hof,"1020 Wien, Wehlistraße",292,17
Heizmann-Hof,"1020 Wien, Vorgartenstraße",212,10
Hermann-Fischer-Hof,"1020 Wien, Ybbsstraße",69,6
Elderschhof,"1020 Wien, Elderschplatz",123,4
Franz-Mair-Hof,"1020 Wien, Schüttelstraße",269,9
Robert-Erber-Hof,"1020 Wien, Schüttelstraße",246,8
Theodor Herzl-Hof,"1020 Wien, Leopoldsgasse",29,3
Chopinhof,"1020 Wien, Am Tabor",93,7
Erdberger-Hof,"1030 Wien, Drorygasse",61,10
Hanuschhof,"1030 Wien, Ludwig-Koeßler-Platz",501,32
Rabenhof,"1030 Wien, Baumgasse",1110,51
Marianne-Hainisch-Hof,"1030 Wien, Petrusgasse",25,6
Felleishof,"1030 Wien, Hagenmüllergasse",100,13
Franz-Silberer-Hof,"1030 Wien, Kardinal-Nagl-Platz",127,16
Anton-Kohl-Hof,"1030 Wien, Rüdengasse",177,2
Franz-Schuster-Hof,"1030 Wien, Hagenmüllergasse",48,5
Wildganshof,"1030 Wien, Grasbergergasse",730,33
Ungerhof,"1030 Wien, Obere Bahngasse",164,9
Josef-Illedits-Hof,"1030 Wien, Kärchergasse",160,4
Richard-Strauss-Hof,"1030 Wien, Am Modenapark",188,10
Franz-Seitler-Hof,"1030 Wien, Sebastianplatz",137,11
Franz-Adelpoller-Hof,"1030 Wien, Gestettengasse",256,21
Südtiroler Hof,"1040 Wien, Schelleingasse",179,20
Bertha-von-Suttner-Hof,"1040 Wien, Waltergasse",360,37
Metzleinstalerhof,"1050 Wien, Margaretengürtel",252,33
Reumannhof,"1050 Wien, Margaretengürtel",450,50
Julius-Popp-Hof,"1050 Wien, Margaretengürtel",370,9
Heinehof,"1050 Wien, Stöbergasse",155,8
Matteottihof,"1050 Wien, Siebenbrunnenfeldgasse",424,20
Julius-Ofner-Hof,"1050 Wien, Margaretengürtel",140,3
Herweghhof,"1050 Wien, Margaretengürtel",206,15
Franz-Domes-Hof,"1050 Wien, Margaretengürtel",176,10
Anton-Katschinka-Hof,"1050 Wien, Siebenbrunnenfeldgasse",45,1
Furtmüllerhof,"1050 Wien, Ziegelofengasse",48,6
Eiselsberg Hof,"1050 Wien, Bacherplatz",167,8
Theodor-Körner-Hof,"1050 Wien, Margaretengürtel",1224,39
Leuthnerhof,"1060 Wien, Mollardgasse",155,7
Einsteinhof,"1060 Wien, Mollardgasse",183,15
Ludo-Hartmann-Hof,"1080 Wien, Albertgasse",74,11
Dr.-Kronawetter-Hof,"1080 Wien, Pfeilgasse",62,3
Faberhof,"1080 Wien, Pfeilgasse",15,2
Therese-Schlesinger-Hof,"1080 Wien, Schlösselgasse",83,5
Maria-Franc-Hof,"1080 Wien, Lange Gasse",77,7
Sigmund-Freud-Hof,"1090 Wien, Gussenbauergasse",258,25
Gallhof,"1090 Wien, Heiligenstädter Straße",137,7
Thuryhof,"1090 Wien, Marktgasse",95,8
Wagner-Jauregg-Hof,"1090 Wien, Lustkandlgasse",114,10
Karl-Schönherr-Hof,"1090 Wien, Badgasse",119,10
Quarinhof,"1100 Wien, Quaringasse",122,25
Viktor-Adler-Hof,"1100 Wien, Triester Straße",110,5
Pernerstorfer-Hof,"1100 Wien, Troststraße",426,14
Jean-Jaures-Hof,"1100 Wien, Neilreichgasse",384,9
Pölzer-Hof,"1100 Wien, Dampfgasse",98,7
Zürcher-Hof,"1100 Wien, Laxenburger Straße",221,28
Hueber-Hof,"1100 Wien, Quellenstraße",464,5
Anton-Hölzl-Hof,"1100 Wien, Laxenburger Straße",329,6
Maria-und-Rudolf-Fischer-Hof,"1100 Wien, Laxenburger Straße",125,3
Wohnhausanlage Am Laaer Berg,"1100 Wien, Theodor-Sickel-Gasse",726,12
Emil Fucik-Hof,"1100 Wien, Gudrunstraße",666,13
Brunngraberhof,"1100 Wien, Arthaberplatz",158,17
George-Washington-Hof,"1100 Wien, Ahornhof",1008,62
Mithlingerhof Rasenstadt,"1100 Wien, Neilreichgasse",958,13
Dr.-Franz-Klein-Hof,"1110 Wien, Herbortgasse",223,21
Alfons-Petzold-Hof,"1110 Wien, Lorystraße",94,15
Josef-Scheu-Hof,"1110 Wien, Ehamgasse",184,1
Widholz-Hof,"1110 Wien, Geiselbergstraße",166,11
Karl-Höger-Hof,"1110 Wien, Lorystraße",219,28
Friedrich-Engels-Hof,"1110 Wien, Ehamgasse",174,9
Anton-Schrammel-Hof,"1110 Wien, Kopalgasse",220,10
Strindberghof,"1110 Wien, Strindberggasse",538,22
Hedorfer-Hof,"1110 Wien, Enkplatz",32,11
Wilhelm-Weber Hof,"1110 Wien, Rinnböckstraße",292,15
Kurt-Holubarz-Hof,"1110 Wien, Geiselbergstraße",47,2
Karl-Tlasek-Hof,"1110 Wien, Lorystraße",47,1
Josef-Haas-Hof,"1110 Wien, Zippererstraße",289,8
Alfred-Wunsch-Hof,"1110 Wien, Lorystraße",103,12
Gustav-Fuchs-Hof,"1110 Wien, Geiselbergstraße",219,4
Wilhelm-Svetelsky-Hof,"1110 Wien, Wilhelm-Svetelsky-Hof",112,14
Leopold-Schwarz-Hof,"1110 Wien, Kopalgasse",42,9
Max-Wopenka-Hof,"1110 Wien, Geiselbergstraße",371,12
Wohnhausanlage Hasenleiten,"1110 Wien, Hasenleitengasse",1214,89
Stefan-Achatz-Hof,"1110 Wien, Kaiser-Ebersdorfer Straße",92,13
Fuchsenfeldhof,"1120 Wien, Längenfeldgasse",452,24
Reismannhof,"1120 Wien, Am Fuchsenfeld",625,37
Bebel-Hof,"1120 Wien, Steinbauergasse",307,30
Liebknechthof,"1120 Wien, Böckhgasse",427,10
Simony-Hof,"1120 Wien, Koppreitergasse",160,11
Lorenshof,"1120 Wien, Längenfeldgasse",164,8
Fröhlich-Hof,"1120 Wien, Malfattigasse",160,7
Haydnhof,"1120 Wien, Gaudenzdorfer Gürtel",326,11
Leopoldine-Glöckel-Hof,"1120 Wien, Steinbauergasse",304,3
Max-Opravil-Hof,"1120 Wien, Wienerbergstraße",424,30
Johann Resch-Hof,"1120 Wien, Werthenburggasse",178,14
Wohnhausanlage Am Schöpfwerk,"1120 Wien, Am Schöpfwerk",866,46
Ernst-Reuter-Hof,"1120 Wien, Böckhgasse",200,9
August-Fürst-Hof,"1120 Wien, Meidlinger Hauptstraße",159,20
Wohnhausanlage Roter Berg,"1130 Wien, Horeischygasse",106,18
Eduard-Schlesinger-Hof,"1130 Wien, Wilhelm-Leibl-Gasse",19,1
Wohnhausanlage Kongreßsiedlung,"1130 Wien, Kalmanstraße",260,34
Franz-Rosenberger-Hof,"1130 Wien, Lainzer Straße",92,0
Steinitzhof,"1130 Wien, Hietzinger Kai",255,11
Rudolfine-Muhr-Hof,"1130 Wien, Volkgasse",212,9
Franz-Kurz-Hof,"1140 Wien, Spallartgasse",80,8
Blathof,"1140 Wien, Linzer Straße",302,18
Schimon-Hof,"1140 Wien, Penzinger Straße",365,16
Somogyi-Hof,"1140 Wien, Hütteldorfer Straße",336,20
Hugo-Breitner-Hof,"1140 Wien, Linzer Straße",1265,109
Liska-Hof,"1140 Wien, Fünkhgasse",67,0
Dr.-Josef-Bayer-Hof,"1140 Wien, Märzstraße",134,0
Lützow-Hof,"1140 Wien, Linzer Straße",171,10
Josef-Rautmann-Hof,"1140 Wien, Hauptstraße",20,0
Anton-Figl-Hof,"1140 Wien, Hernstorferstraße",382,26
Forstnerhof,"1150 Wien, Alliogasse",134,31
Heimhof,"1150 Wien, Pilgerimgasse",171,36
Ebert-Hof,"1150 Wien, Hütteldorfer Straße",179,12
Johann-Witzmann-Hof,"1150 Wien, Reuenthalgasse",186,13
Vogelweidhof,"1150 Wien, Wurzbachgasse",110,13
Paula-Mistinger-Mraz-Hof,"1150 Wien, Fünfhausgasse",19,1
Grassingerhof,"1150 Wien, Brunhildengasse",117,0
Käthe-Königstetter-Hof,"1150 Wien, Tautenhayngasse",130,1
Skarethof,"1150 Wien, Diefenbachgasse",106,9
Johann-Hartmann-Hof,"1150 Wien, Meiselstraße",123,3
Karl-Frey-Hof,"1150 Wien, Hütteldorfer Straße",235,21
Heinrich-Hajek-Hof,"1150 Wien, Oeverseestraße",250,13
Schuhmeier-Hof,"1160 Wien, Pfenninggeldgasse",276,12
Wohnhausanlage Sandleiten,"1160 Wien, Sandleitengasse",1513,148
Dr.-Friedrich-Becke-Hof,"1160 Wien, Thalhaimergasse",199,14
Davidhof,"1160 Wien, Effingergasse",239,5
Karl-Volkert-Hof,"1160 Wien, Thaliastraße",228,10
Pirquethof,"1160 Wien, Herbststrasse",236,7
Severhof,"1160 Wien, Maroltingergasse",83,6
Siegelhof,"1160 Wien, Redtenbachergasse",93,3
Adelheid-Popp-Hof,"1160 Wien, Possingergasse",235,7
Austerlitz-Hof,"1160 Wien, Lorenz-Mandl-Gasse",129,0
Franz-Novy-Hof,"1160 Wien, Koppstraße",793,25
Fleminghof,"1160 Wien, Josef-Weinheber Platz",525,30
Berliner Hof,"1160 Wien, Koppstraße",247,15
Wiedenhoferhof,"1170 Wien, Zeillergasse",241,38
Türkenritthof,"1170 Wien, Hernalser Hauptstraße",77,20
Holyhof,"1170 Wien, Gräffergasse",103,3
Eiflerhof,"1170 Wien, Hernalser Hauptstraße",183,9
Wohnhausanlage Freiheitssiedlung,"1170 Wien, Steinmüllergasse",125,6
Karl-Panek-Hof,"1170 Wien, Neuwaldegger Straße",116,10
Pfannenstielhof,"1180 Wien, Kreuzgasse",176,17
Lindenhof,"1180 Wien, Kreuzgasse",306,34
Toeplerhof,"1180 Wien, Währinger Straße",64,8
Ernst-Karl-Winter-Hof,"1180 Wien, Thimiggasse",163,15
Klosehof,"1190 Wien, Philippovichgasse",143,28
Karl-Mark-Hof,"1190 Wien, Obkirchergasse",279,16
Professor-Jodl-Hof,"1190 Wien, Döblinger Gürtel",227,19
Pestalozzi-Hof,"1190 Wien, Philippovichgasse",126,7
Svobodahof,"1190 Wien, Heiligenstädter Straße",56,1
Karl-Marx-Hof,"1190 Wien, Heiligenstädter Strasse",1271,45
Rebec-Hof,"1190 Wien, Flotowgasse",23,1
Dittes-Hof,"1190 Wien, Heiligenstädter Straße",280,31
Julius-Deutsch-Hof,"1190 Wien, Grinzinger Allee",210,5
Kopenhagen-Hof,"1190 Wien, Schegargasse",433,50
Robert-Blum-Hof,"1200 Wien, Engerthstraße",243,28
Otto-Haas-Hof,"1200 Wien, Winarskystraße",264,16
Winarskyhof,"1200 Wien, Stromstraße",559,16
Plocekhof,"1200 Wien, Denisgasse",117,4
Janecek-Hof,"1200 Wien, Donaueschingenstraße",725,3
Grossmannhof,"1200 Wien, Denisgasse",82,11
Beerhof,"1200 Wien, Engerthstraße",421,13
Szydzina-Hof,"1200 Wien, Salzachstraße",66,5
Georg Schmiedel-Hof,"1200 Wien, Kluckygasse",77,10
Pokornyhof,"1200 Wien, Leipziger Straße",116,4
Gerlhof,"1200 Wien, Stromstraße",357,18
Karl-Michal-Hof,"1200 Wien, Brigittaplatz",145,11
Otto-Gratzl-Hof,"1200 Wien, Engerthstraße",351,10
Franz-Bretschneider-Hof,"1210 Wien, Mitterhofergasse",91,16
Schlinger-Hof,"1210 Wien, Brünner Straße",397,52
Bieler Hof,"1210 Wien, Kinzerplatz",96,10
Karl-Seitz-Hof,"1210 Wien, Jedleseer Straße",1128,64
Appel-Hof,"1210 Wien, Prager Straße",159,10
Paul-Speiser-Hof,"1210 Wien, Freytaggasse",460,13
Dag-Hammerskjöld-Hof,"1210 Wien, An der oberen alten Donau",390,13
Schüttauhof,"1220 Wien, Schiffmühlenstraße",271,13
Goethehof,"1220 Wien, Schüttaustraße",784,29
Alois Glauer Hof,"1230 Wien, Erlaaer Straße",118,7
Wilhelm Hartl-Hof,"1230 Wien, Breitenfurter Straße",54,9
Franz-Kinkor-Hof,"1150 Wien, Johnstraße",43,4
Karl-Holoubek-Hof,"1150 Wien, Schwendergasse",81,4
Karl-Kautsky-Hof,"1220 Wien, Ziegelhofstraße",971,10
Julius-Bermann-Hof,"1020 Wien, Zirkusgasse",163,9
Robert-Uhlir-Hof,"1020 Wien, Engerthstraße",550,28
Olof Palme-Hof,"1100 Wien, Ada-Christen-Gasse",404,41
Franz-Graczoll-Hof,"1150 Wien, Flachgasse",116,3
Dr.-Gerhard-Weißenberg-Hof,"1150 Wien, Hofmoklgasse",90,1
Ernst-Papanek-Hof,"1150 Wien, Oelweingasse",33,1
Karl-Czernetz-Hof,"1150 Wien, Clementinengasse",50,6
August-Scholz-Hof,"1160 Wien, Panikengasse",98,4
Rosa-Albach-Retty-Hof,"1190 Wien, Billrothstraße",70,14
Karl-Heinz-Hof,"1210 Wien, Gerichtsgasse",71,2
Dr. Franz-Koch-Hof,"1210 Wien, Mitterhofergasse",1426,47
Alfred Klinkan-Hof,"1220 Wien, Donaustadtstraße",528,11
Frieda-Nödl-Hof,"1030 Wien, Rochusgasse",33,10
Leopold-Thaller-Hof,"1030 Wien, Baumgasse",33,4
Josef-Bohmann-Hof,"1220 Wien, Oskar-Grissemann-Straße",1329,52
August-Bergmann-Hof,"1040 Wien, Favoritenstraße",62,12
Otto-Limanovsky-Hof,"1070 Wien, Westbahnstraße",54,3
Karl-Wrba-Hof,"1100 Wien, Sahulkastraße",1045,43
Anton-Matourek-Hof,"1150 Wien, Rustengasse",35,1
Pablo-Neruda-Hof,"1180 Wien, Gersthofer Straße",65,9
Leopold-Horacek-Hof,"1220 Wien, Lenkgasse",125,4
Franz-Ramel-Hof,"1040 Wien, Rainergasse",34,1
Alfred-Porges-Hof,"1060 Wien, Gumpendorfer Straße",26,1
Rudolf-Krammer-Hof,"1060 Wien, Mollardgasse",50,6
Ernst-Kirchweger-Hof,"1100 Wien, Sonnwendgasse",20,0
Hermine-Fiala-Hof,"1100 Wien, Troststraße",398,16
Felix-Swoboda Hof,"1110 Wien, Mitterfeldgasse",144,3
Dr.-Adolf-Schärf-Hof,"1160 Wien, Roterdstraße",329,15
Friedrich-Holomek-Hof,"1180 Wien, Martinstraße",20,2
Federico-Garcia-Lorca-Hof,"1210 Wien, Schliemanngasse",40,0
Hedwig-Lehnert-Hof,"1210 Wien, Prager Straße",183,11
Stella-Klein-Löw-Hof,"1020 Wien, Taborstraße",50,2
Karl-Waldbrunner-Hof,"1030 Wien, Lechnerstraße",512,6
Franz-Bauer-Hof,"1060 Wien, Gumpendorfer Straße",53,9
Ankerbrotgründe,"1100 Wien, Absberggasse",404,14
Helene-Potetz-Hof,"1120 Wien, Rosenhügelstraße",45,0
Christine-Busta-Hof,"1160 Wien, Wichtelgasse",18,0
Bruno-Kreisky-Hof,"1170 Wien, Hernalser Hauptstraße",279,40
Aldo-Moro-Hof,"1180 Wien, Antonigasse",20,1
Franz-Weber-Hof,"1190 Wien, Weinberggasse",430,33
Josef-Pfeifer-Hof,"1030 Wien, Landstraßer Hauptstraße",18,0
Bruno-Marek-Hof,"1060 Wien, Gumpendorfer Straße",69,8
Max-Böhm-Hof,"1080 Wien, Tigergasse",26,0
Josef-Schober-Hof,"1090 Wien, Grünentorgasse",37,1
Nora-Hiltl-Hof,"1130 Wien, Anton-Langer-Gasse",14,2
Josef-Hala-Hof,"1180 Wien, Schulgasse",36,1
Friederike-Seidl-Hof,"1050 Wien, Viktor-Christ-Gasse",31,1
Maria-Restituta-Hof,"1050 Wien, Margaretenstraße",44,2
Rudolf-von-Alt-Hof,"1080 Wien, Skodagasse",16,1
Rudolf-Krbec-Hof,"1220 Wien, Schiffmühlenstraße",98,2
Viktor-Frankl-Hof,"1020 Wien, Zirkusgasse",24,0
Adolf-Scharner-Hof,"1040 Wien, Goldeggasse",16,1
Hildegard-Burjan-Hof,"1130 Wien, Speisinger Straße",31,5
Franz-Gawlik-Hof,"1150 Wien, Goldschlagstraße",13,1
Margarete-Schütte-Lihotzky-Hof,"1210 Wien, Donaufelder Straße",174,10
Europan,"1220 Wien, Rosalia-Chladek-Gasse",182,5
Naturnahes Wohnen,"1220 Wien, Fred-Raymond-Gasse",41,0
Erzherzog-Karl-Stadt,"1220 Wien, Erzherzog-Karl-Straße",206,2
Donaufelderhof,"1220 Wien, Arakawastraße",107,2
Leopold-Mayrhofer-Hof,"1130 Wien, Steckhovengasse",48,1
Fischerstiege 4-8,"1010 Wien, Fischerstiege",66,16
Salvatorgasse 10,"1010 Wien, Salvatorgasse",116,30
Rudolfsplatz 8,"1010 Wien, Rudolfsplatz",44,12
Ausstellungsstraße 43,"1020 Wien, Ausstellungsstraße",18,2
Gredlerstraße 7,"1020 Wien, Gredlerstraße",97,3
Mexikoplatz 25,"1020 Wien, Mexikoplatz",48,5
Negerlegasse 4,"1020 Wien, Negerlegasse",52,3
Blumauergasse 24,"1020 Wien, Blumauergasse",15,2
Engerthstraße 230,"1020 Wien, Engerthstraße",350,6
Quellenstraße 24a,"1100 Wien, Quellenstraße",175,10
Linke Wienzeile 6,"1060 Wien, Linke Wienzeile",11,0
Aichholzgasse 52,"1120 Wien, Aichholzgasse",0,3
Kapaunplatz 1,"1200 Wien, Kapaunplatz",30,1
Wollzeile 27,"1010 Wien, Wollzeile",18,6
Heinestraße 5-7,"1020 Wien, Heinestraße",47,2
Darwingasse 12,"1020 Wien, Darwingasse",31,3
Negerlegasse 8,"1020 Wien, Negerlegasse",16,1
Marinelligasse 10,"1020 Wien, Marinelligasse",47,3
Schüttelstraße 3,"1020 Wien, Schüttelstraße",38,2
Untere Augartenstraße 1-3,"1020 Wien, Untere Augartenstraße",102,18
Springergasse 22,"1020 Wien, Springergasse",16,1
Franzensbrückenstraße 19,"1020 Wien, Franzensbrückenstraße",65,6
Nordbahnstraße 24,"1020 Wien, Nordbahnstraße",31,0
Obere Donaustraße 35,"1020 Wien, Obere Donaustraße",36,3
Franzensbrückenstraße 21,"1020 Wien, Franzensbrückenstraße",48,4
Marinelligasse 1,"1020 Wien, Marinelligasse",48,2
Radingerstraße 21,"1020 Wien, Radingerstraße",17,1
Ybbsstraße 31-33,"1020 Wien, Ybbsstraße",39,2
Harkortstraße 3,"1020 Wien, Harkortstraße",14,1
Ybbsstraße 40-42,"1020 Wien, Ybbsstraße",36,3
Wohlmutstraße 14-16,"1020 Wien, Wohlmutstraße",105,8
Handelskai 210,"1020 Wien, Handelskai",50,2
Tandelmarktgasse 14,"1020 Wien, Tandelmarktgasse",7,1
Wohlmutstraße 4-6,"1020 Wien, Wohlmutstraße",25,1
Engerthstraße 241-247,"1020 Wien, Engerthstraße",406,10
Wehlistraße 305,"1020 Wien, Wehlistraße",84,4
Wehlistraße 309,"1020 Wien, Wehlistraße",56,5
Obere Augartenstraße 12-14,"1020 Wien, Obere Augartenstraße",188,17
Kafkastraße 11,"1020 Wien, Kafkastraße",35,1
Obere Augartenstraße 44,"1020 Wien, Obere Augartenstraße",81,2
Wehlistraße 156-158,"1020 Wien, Wehlistraße",50,1
Untere Augartenstraße 15-17,"1020 Wien, Untere Augartenstraße",51,2
Miesbachgasse 15,"1020 Wien, Miesbachgasse",116,9
Untere Augartenstraße 39,"1020 Wien, Untere Augartenstraße",34,6
Lassallestraße 24,"1020 Wien, Lassallestraße",37,4
Walcherstraße 10-16,"1020 Wien, Walcherstraße",108,3
Edgar-Schranz-Hof,"1020 Wien, Rustenschacherallee",163,3
Kleine Mohrengasse 9,"1020 Wien, Kleine Mohrengasse",21,3
Franz-Hochedlinger-Gasse 30-32,"1020 Wien, Franz-Hochedlinger-Gasse",43,7
Sturgasse 3-5,"1020 Wien, Sturgasse",173,6
Vorgartenstraße 198,"1020 Wien, Vorgartenstraße",18,2
Vivariumstraße 6-10,"1020 Wien, Vivariumstraße",149,7
Vorgartenstraße 194,"1020 Wien, Vorgartenstraße",19,0
Ausstellungsstraße 67,"1020 Wien, Ausstellungsstraße",18,0
Vivariumstraße 13-17,"1020 Wien, Vivariumstraße",126,3
Taborstraße 53-55,"1020 Wien, Taborstraße",33,5
Zirkusgasse 33,"1020 Wien, Zirkusgasse",33,4
Engerthstraße 237,"1020 Wien, Engerthstrasse",385,23
Große Pfarrgasse 16-20,"1020 Wien, Große Pfarrgasse",16,3
Vorgartenstraße 158-170,"1020 Wien, Vorgartenstraße",323,9
Heinz-Weißmann-Hof,"1020 Wien, Mexikoplatz",171,12
Czerninplatz 7,"1020 Wien, Czerninplatz",96,6
Eveline-Andrlik-Hof,"1020 Wien, Engerthstraße",567,23
Wehlistraße 303,"1020 Wien, Wehlistraße",147,11
Ennsgasse 7-11,"1020 Wien, Ennsgasse",136,11
Mexikoplatz 2-3,"1020 Wien, Mexikoplatz",112,5
Handelskai 390-392,"1020 Wien, Wehlistraße",28,5
Dr.-Natterer-Gasse 2-4,"1020 Wien, Dr.-Natterer-Gasse",227,3
Wehlistraße 307,"1020 Wien, Wehlistraße",16,6
Sturgasse 7,"1020 Wien, Sturgasse",154,5
Karlheinz-Hora-Hof,"1020 Wien, Handelskai",1041,59
Engerthstraße 189-191,"1020 Wien, Engerthstraße",131,10
Wehlistraße 157,"1020 Wien, Wehlistraße",30,0
Zirkusgasse 30,"1020 Wien, Zirkusgasse",14,0
Kurt-Heller-Hof,"1020 Wien, Engerthstraße",273,14
Weintraubengasse 6-10,"1020 Wien, Weintraubengasse",26,1
Weintraubengasse 13,"1020 Wien, Weintraubengasse",5,2
Taborstraße 100,"1020 Wien, Taborstraße",29,1
Zirkusgasse 22,"1020 Wien, Zirkusgasse",13,0
Rueppgasse 12-14,"1020 Wien, Rueppgasse",26,0
Wehlistraße 160-162,"1020 Wien, Wehlistraße",50,1
Kleine Stadtgutgasse 11-13,"1020 Wien, Kleine Stadtgutgasse",41,2
Große Schiffgasse 32,"1020 Wien, Große Schiffgasse",18,1
Leopoldsgasse 24,"1020 Wien, Leopoldsgasse",27,2
Malzgasse 1,"1020 Wien, Malzgasse",14,1
Im Werd 15,"1020 Wien, Im Werd",13,0
Im Werd 4,"1020 Wien, Im Werd",11,2
Untere Augartenstraße 23,"1020 Wien, Untere Augartenstraße",41,0
Große Schiffgasse 30,"1020 Wien, Große Schiffgasse",19,1
Lorbeergasse 6,"1030 Wien, Lorbeergasse",27,2
Baumgasse 43,"1030 Wien, Baumgasse",23,0
Drorygasse 8,"1030 Wien, Drorygasse",110,12
Engelsberggasse 3,"1030 Wien, Engelsberggasse",39,1
Riesgasse 4,"1030 Wien, Riesgasse",38,2
Ludwig-Koeßler-Platz 3,"1030 Wien, Ludwig-Koeßler-Platz",125,16
Dietrichgasse 32-34,"1030 Wien, Dietrichgasse",67,1
Khunngasse 6-8,"1030 Wien, Khunngasse",43,6
Hagenmüllergasse 25,"1030 Wien, Hagenmüllergasse",68,4
Klopsteinplatz 6,"1030 Wien, Klopsteinplatz",62,4
Hagenmüllergasse 21-23,"1030 Wien, Hagenmüllergasse",123,9
Eslarngasse 3-9,"1030 Wien, Eslarngasse",85,3
Weinlechnergasse 1,"1030 Wien, Weinlechnergasse",26,0
Khunngasse 20,"1030 Wien, Khunngasse",16,0
Göllnergasse 25,"1030 Wien, Göllnergasse",10,0
Weißgerberlände 24,"1030 Wien, Weißgerberlände",23,2
Schützengasse 27-29,"1030 Wien, Schützengasse",37,2
Alice-und-Heinrich-Scheuer-Hof,"1030 Wien, Neulinggasse",55,5
Ziehrerplatz 8,"1030 Wien, Ziehrerplatz",30,1
Weißgerberlände 30-36,"1030 Wien, Weißgerberlände",144,12
Landstraßer Hauptstraße 129,"1030 Wien, Landstraßer Hauptstraße",9,2
Marxergasse 12,"1030 Wien, Marxergasse",32,5
Schlachthausgasse 44,"1030 Wien, Schlachthausgasse",24,1
Hainburger Straße 57+61,"1030 Wien, Hainburger Straße",121,16
Strohgasse 14f,"1030 Wien, Strohgasse",35,2
Barthgasse 5-7,"1030 Wien, Barthgasse",36,6
Baumgasse 63-65,"1030 Wien, Baumgasse",24,0
Kegelgasse 44,"1030 Wien, Kegelgasse",27,1
Rudolf-Häuser-Hof,"1030 Wien, Kleingasse",125,3
Untere Weißgerberstraße 53-59,"1030 Wien, Untere Weißgerberstraße",79,2
Paracelsusgasse 4,"1030 Wien, Paracelsusgasse",19,1
Kölblgasse 36,"1030 Wien, Kölblgasse",39,1
Am Modenapark 15,"1030 Wien, Am Modenapark",27,1
Uchatiusgasse 10-12,"1030 Wien, Uchatiusgasse",43,2
Zaunergasse 12-14,"1030 Wien, Zaunergasse",147,6
Schimmelgasse 23,"1030 Wien, Schimmelgasse",47,3
Jauresgasse 5-7,"1030 Wien, Jauresgasse",42,1
Baumgasse 12,"1030 Wien, Baumgasse",22,5
Gerlgasse 14,"1030 Wien, Gerlgasse",111,3
Salmgasse 19,"1030 Wien, Salmgasse",48,1
Schlachthausgasse 39,"1030 Wien, Schlachthausgasse",109,5
Kurt-Steyrer-Hof,"1030 Wien, Landstraßer Hauptstraße",71,15
Markhofgasse 20,"1030 Wien, Markhofgasse",39,4
Landstraßer Hauptstraße 173-175,"1030 Wien, Landstraßer Hauptstraße",393,41
Fasangasse 35-37,"1030 Wien, Fasangasse",78,7
Apostelgasse 19-21,"1030 Wien, Apostelgasse",73,2
Markhofgasse 12-18,"1030 Wien, Markhofgasse",270,8
Kollergasse 11-13,"1030 Wien, Kollergasse",29,0
Leonhardgasse 2-10,"1030 Wien, Leonhardgasse",332,25
Hofmannsthalgasse 12-24,"1030 Wien, Hofmannsthalgasse",290,10
Gestettengasse 21a,"1030 Wien, Gestettengasse",15,0
Markhofgasse 6,"1030 Wien, Markhofgasse",29,4
Kleingasse 2,"1030 Wien, Kleingasse",43,2
Gestettengasse 17,"1030 Wien, Gestettengasse",62,5
Leonhardgasse 7-13,"1030 Wien, Leonhardgasse",80,2
Erdbergstraße 16-28,"1030 Wien, Erdbergstraße",87,11
Erdbergstraße 126-130,"1030 Wien, Erdbergstraße",45,10
Aspangstraße 11-13,"1030 Wien, Aspangstraße",23,0
Erdbergstraße 134,"1030 Wien, Erdbergstraße",11,2
Erdbergstraße 140-144,"1030 Wien, Erdbergstraße",32,5
Kundmanngasse 30-32,"1030 Wien, Kundmanngasse",30,6
Schlachthausgasse 3,"1030 Wien, Schlachthausgasse",104,7
Untere Weißgerberstraße 18,"1030 Wien, Untere Weißgerberstraße",48,6
Marie-Jahoda-Hof,"1030 Wien, Kegelgasse",36,4
Erdbergstraße 12-14,"1030 Wien, Erdbergstraße",66,10
Pfarrhofgasse 14,"1030 Wien, Pfarrhofgasse",15,1
Löwengasse 5,"1030 Wien, Löwengasse",11,2
Trubelgasse 10,"1030 Wien, Trubelgasse",26,0
Erdbergstraße 36,"1030 Wien, Erdbergstraße",28,3
Arenberggasse 6,"1030 Wien, Arenberggasse",18,0
Apostelgasse 35,"1030 Wien, Apostelgasse",24,0
Wällischgasse 10-12,"1030 Wien, Wällischgasse",35,0
Matthäusgasse 3,"1030 Wien, Matthäusgasse",14,0
Untere Weißgerberstraße 4,"1030 Wien, Untere Weißgerberstraße",8,0
Dietrichgasse 35-37,"1030 Wien, Dietrichgasse",36,0
Blattgasse 5,"1030 Wien, Blattgasse",43,0
Dietrichgasse 45,"1030 Wien, Dietrichgasse",13,0
Haidingergasse 24,"1030 Wien, Haidingergasse",25,1
Würtzlerstraße 23,"1030 Wien, Würtzlerstraße",21,3
Kardinal-Nagl-Platz 6,"1030 Wien, Kardinal-Nagl-Platz",38,4
Erdbergstraße 5-7,"1030 Wien, Erdbergstraße",29,2
Graf-Starhemberg-Gasse 40-42,"1040 Wien, Graf-Starhemberg-Gasse",75,2
Preßgasse 7,"1040 Wien, Preßgasse",22,5
Schelleingasse 1,"1040 Wien, Schelleingasse",17,1
Margaretenstraße 40,"1040 Wien, Margaretenstraße",21,3
Autokaderstraße 3-7,"1210 Wien, Autokaderstraße",973,3
Favoritenstraße 42,"1040 Wien, Favoritenstraße",13,4
Margaretenstraße 46,"1040 Wien, Margaretenstraße",23,2
Favoritenstraße 45,"1040 Wien, Favoritenstraße",32,4
Theresianumgasse 9,"1040 Wien, Theresianumgasse",46,2
Favoritenstraße 43,"1040 Wien, Favoritenstraße",14,2
Petzvalgasse 1-3,"1040 Wien, Petzvalgasse",36,2
Schelleingasse 18-20,"1040 Wien, Schelleingasse",35,2
Schelleingasse 27-29,"1040 Wien, Schelleingasse",39,3
Kolschitzkygasse 9-13,"1040 Wien, Kolschitzkygasse",105,12
Karolinengasse 24,"1040 Wien, Karolinengasse",11,0
Rainergasse 26-28,"1040 Wien, Rainergasse",54,4
Belvederegasse 36-38,"1040 Wien, Belvederegasse",55,3
Rainergasse 13,"1040 Wien, Rainergasse",26,0
Rechte Wienzeile 25-27,"1040 Wien, Rechte Wienzeile",101,12
Margaretenstraße 31,"1040 Wien, Margaretenstraße",18,3
Schelleingasse 28-30,"1040 Wien, Schelleingasse",69,2
Rainergasse 23-25,"1040 Wien, Rainergasse",39,0
Schelleingasse 3,"1040 Wien, Schelleingasse",18,1
Margaretenstraße 36,"1040 Wien, Margaretenstraße",19,2
Graf-Starhemberg-Gasse 35,"1040 Wien, Graf-Starhemberg-Gasse",17,1
Paulanergasse 3,"1040 Wien, Paulanergasse",37,7
Viktorgasse 4,"1040 Wien, Viktorgasse",12,0
Goldeggasse 18,"1040 Wien, Goldeggasse",24,1
Karolinengasse 14,"1040 Wien, Karolinengasse",23,0
Karolinengasse 26,"1040 Wien, Karolinengasse",20,0
Mommsengasse 18,"1040 Wien, Mommsengasse",11,0
Karolinengasse 15,"1040 Wien, Karolinengasse",17,2
Argentinierstraße 44,"1040 Wien, Argentinierstraße",25,1
Gießaufgasse 34,"1050 Wien, Gießaufgasse",56,0
Paletzgasse 15,"1160 Wien, Paletzgasse",44,0
Leystraße 23,"1200 Wien, Leystraße",389,8
Brandmayergasse 24,"1050 Wien, Brandmayergasse",67,7
Ernst-Hinterberger-Hof,"1050 Wien, Margaretengürtel",105,6
Fendigasse 19-21,"1050 Wien, Fendigasse",72,4
Rechte Wienzeile 71,"1050 Wien, Rechte Wienzeile",50,4
Gassergasse 24-26,"1050 Wien, Gassergasse",59,2
Brandmayergasse 27,"1050 Wien, Brandmayergasse",81,3
Gassergasse 48-50,"1050 Wien, Gassergasse",51,3
Hauslabgasse 25,"1050 Wien, Hauslabgasse",29,0
Hauslabgasse 24,"1050 Wien, Hauslabgasse",29,4
Wiedner Hauptstraße 103,"1050 Wien, Wiedner Hauptstraße",9,2
Siebenbrunnengasse 76-80,"1050 Wien, Siebenbrunnengasse",71,5
Gartengasse 9-11,"1050 Wien, Gartengasse",45,5
Blechturmgasse 23-27,"1050 Wien, Blechturmgasse",78,1
Laurenzgasse 14-18,"1050 Wien, Laurenzgasse",105,7
Reinprechtsdorfer Straße 51,"1050 Wien, Reinprechtsdorfer Straße",17,4
Schönbrunner Straße 101,"1050 Wien, Schönbrunner Straße",17,2
Leopold-Rister-Gasse 5,"1050 Wien, Leopold-Rister-Gasse",103,6
Margaretengürtel 42,"1050 Wien, Margaretengürtel",84,0
Wiedner Hauptstraße 119,"1050 Wien, Wiedner Hauptstraße",67,3
Hofgasse 2,"1050 Wien, Hofgasse",17,0
Spengergasse 30-32,"1050 Wien, Spengergasse",33,5
Castelligasse 3,"1050 Wien, Castelligasse",36,4
Franzensgasse 7-9,"1050 Wien, Franzensgasse",60,11
Gartengasse 7,"1050 Wien, Gartengasse",10,1
Franzensgasse 17,"1050 Wien, Franzensgasse",23,3
Brandmayergasse 2,"1050 Wien, Brandmayergasse",30,2
Krongasse 18,"1050 Wien, Krongasse",17,1
Kleine Neugasse 21,"1050 Wien, Kleine Neugasse",19,0
Einsiedlergasse 13,"1050 Wien, Einsiedlergasse",12,1
Ziegelofengasse 24-26,"1050 Wien, Ziegelofengasse",54,2
Embelgasse 53-55,"1050 Wien, Embelgasse",25,0
Amtshausgasse 3-5,"1050 Wien, Amtshausgasse",49,1
Grüngasse 14,"1050 Wien, Grüngasse",18,1
Leitgebgasse 3,"1050 Wien, Leitgebgasse",11,0
Gießaufgasse 26,"1050 Wien, Gießaufgasse",11,0
Margaretenstraße 140,"1050 Wien, Margaretenstraße",51,0
Rechte Wienzeile 69,"1050 Wien, Rechte Wienzeile",19,0
Jahngasse 34,"1050 Wien, Jahngasse",13,0
Brandmayergasse 4,"1050 Wien, Brandmayergasse",21,0
Jahngasse 32,"1050 Wien, Jahngasse",13,0
Wiedner Hauptstraße 132,"1050 Wien, Wiedner Hauptstraße",20,1
Margaretenstraße 89,"1050 Wien, Margaretenstraße",30,3
Schönbrunner Straße 34,"1050 Wien, Schönbrunner Straße",43,3
Hubert-Feilnreiter-Hof,"1060 Wien, Magdalenenstraße",44,3
Dominikanergasse 5,"1060 Wien, Dominikanergasse",18,0
Mollardgasse 75,"1060 Wien, Mollardgasse",37,5
Elfi-Dassanowsky-Hof,"1060 Wien, Magdalenenstraße",26,5
Mollardgasse 28,"1060 Wien, Mollardgasse",54,9
Fillgradergasse 17-21,"1060 Wien, Fillgradergasse",42,1
Gumpendorfer Straße 86,"1060 Wien, Gumpendorfer Straße",15,2
Kaunitzgasse 11-13,"1060 Wien, Kaunitzgasse",36,2
Mollardgasse 53-55,"1060 Wien, Mollardgasse",53,2
Garbergasse 5,"1060 Wien, Garbergasse",22,0
Grabnergasse 11-13,"1060 Wien, Grabnergasse",85,6
Johanna-Prangl-Hof,"1060 Wien, Damböckgasse",81,4
Magdalenenstraße 9,"1060 Wien, Magdalenenstraße",22,4
Meravigliagasse 5-7,"1060 Wien, Meravigliagasse",24,1
Katharina-Lins-Hof,"1060 Wien, Gumpendorfer Straße",15,6
Kaunitzgasse 15-17,"1060 Wien, Kaunitzgasse",29,3
Stumpergasse 42,"1060 Wien, Stumpergasse",30,6
Millergasse 23,"1060 Wien, Millergasse",22,0
Stumpergasse 16,"1060 Wien, Stumpergasse",53,4
Brauergasse 4,"1060 Wien, Brauergasse",10,0
Meravigliagasse 8,"1060 Wien, Meravigliagasse",14,0
Malva-Schalek-Hof,"1060 Wien, Dürergasse",15,0
Linke Wienzeile 132,"1060 Wien, Linke Wienzeile",26,1
Millergasse 39,"1060 Wien, Millergasse",22,1
Marchettigasse 16,"1060 Wien, Marchettigasse",19,0
Liniengasse 27,"1060 Wien, Liniengasse",22,0
Corneliusgasse 1,"1060 Wien, Corneliusgasse",43,4
Wallgasse 13,"1060 Wien, Wallgasse",28,1
Bürgerspitalgasse 7,"1060 Wien, Bürgerspitalgasse",37,1
Mittelgasse 1,"1060 Wien, Mittelgasse",30,6
Mittelgasse 25,"1060 Wien, Mittelgasse",37,2
Bernardgasse 38,"1070 Wien, Bernardgasse",21,4
Neustiftgasse 143,"1070 Wien, Neustiftgasse",37,3
Neustiftgasse 14,"1070 Wien, Neustiftgasse",17,4
Mondscheingasse 9,"1070 Wien, Mondscheingasse",18,2
Bernardgasse 10,"1070 Wien, Bernardgasse",10,1
Neustiftgasse 43,"1070 Wien, Neustiftgasse",35,4
Stollgasse 1,"1070 Wien, Stollgasse",96,2
Neustiftgasse 89-91,"1070 Wien, Neustiftgasse",67,4
Westbahnstraße 1,"1070 Wien, Westbahnstraße",51,20
Hermanngasse 9,"1070 Wien, Hermanngasse",26,5
Lindengasse 57,"1070 Wien, Lindengasse",25,5
Badhausgasse 5-7,"1070 Wien, Badhausgasse",20,1
Lerchenfelder Straße 33,"1070 Wien, Lerchenfelder Straße",14,1
Schottenfeldgasse 37,"1070 Wien, Schottenfeldgasse",19,0
Feldgasse 19,"1080 Wien, Feldgasse",16,2
Kochgasse 25,"1080 Wien, Kochgasse",35,2
Albertplatz 7,"1080 Wien, Albertplatz",52,2
Pfeilgasse 10-12,"1080 Wien, Pfeilgasse",60,7
Neudeggergasse 12,"1080 Wien, Neudeggergasse",21,0
Rögergasse 6,"1090 Wien, Rögergasse",42,12
Leon-Askin-Hof,"1090 Wien, Sechsschimmelgasse",27,2
Marktgasse 45,"1090 Wien, Marktgasse",32,4
D'Orsaygasse 3-5,"1090 Wien, D'Orsay-Gasse",49,5
Müllnergasse 20,"1090 Wien, Müllnergasse",22,2
Hernalser Gürtel 26,"1090 Wien, Hernalser Gürtel",47,7
Pramergasse 30,"1090 Wien, Pramergasse",88,8
D'Orsaygasse 6,"1090 Wien, D'Orsay-Gasse",12,1
Wiesengasse 32,"1090 Wien, Wiesengasse",39,8
Marktgasse 15-17,"1090 Wien, Marktgasse",8,3
Salzergasse 12,"1090 Wien, Salzergasse",9,3
Rufgasse 4,"1090 Wien, Rufgasse",42,6
Nußdorfer Straße 13,"1090 Wien, Nußdorfer Straße",16,3
Reznicekgasse 18-22,"1090 Wien, Reznicekgasse",55,7
Galileigasse 6,"1090 Wien, Galileigasse",27,2
Salzergasse 19,"1090 Wien, Salzergasse",12,4
Salzergasse 14,"1090 Wien, Salzergasse",12,0
Liechtensteinstraße 131-133,"1090 Wien, Liechtensteinstraße",30,3
Badgasse 10,"1090 Wien, Badgasse",26,1
Wiesengasse 19-21,"1090 Wien, Wiesengasse",21,0
Thurygasse 6,"1090 Wien, Thurygasse",11,0
Marktgasse 9-13,"1090 Wien, Marktgasse",23,3
Liechtensteinstraße 120,"1090 Wien, Liechtensteinstraße",10,1
Althanstraße 11-13,"1090 Wien, Althanstraße",55,5
Althanstraße 27,"1090 Wien, Althanstraße",17,2
Friedl-Dicker-Brandeis-Hof,"1090 Wien, Althanstraße",17,1
Höfergasse 9-11,"1090 Wien, Höfergasse",26,0
Lichtentaler Gasse 11-13,"1090 Wien, Lichtentaler Gasse",29,1
Lazarettgasse 13a,"1090 Wien, Lazarettgasse",20,2
Althanstraße 29-31,"1090 Wien, Althanstraße",27,2
Simon-Denk-Gasse 4-6,"1090 Wien, Simon-Denk-Gasse",32,1
Marktgasse 37-39,"1090 Wien, Marktgasse",31,4
Pulverturmgasse 4,"1090 Wien, Pulverturmgasse",51,2
Karl-Schmiedbauer-Hof,"1090 Wien, Lichtentaler Gasse",22,3
Marktgasse 19,"1090 Wien, Marktgasse",12,0
Liechtensteinstraße 93,"1090 Wien, Liechtensteinstraße",22,3
Liechtensteinstraße 101,"1090 Wien, Liechtensteinstraße",11,3
Salzergasse 21,"1090 Wien, Salzergasse",14,1
Ingrid-Smejkal-Hof,"1090 Wien, Lichtentaler Gasse",48,4
Salzergasse 29-31,"1090 Wien, Salzergasse",28,2
Salzergasse 42,"1090 Wien, Salzergasse",0,0
Liechtensteinstraße 137,"1090 Wien, Liechtensteinstraße",28,0
Säulengasse 18,"1090 Wien, Säulengasse",1,1
Lazarettgasse 17,"1090 Wien, Lazarettgasse",30,3
Herzgasse 76,"1100 Wien, Herzgasse",21,1
Gellertgasse 21,"1100 Wien, Gellertgasse",85,8
Bürgergasse 10,"1100 Wien, Bürgergasse",12,0
Mundygasse 12,"1100 Wien, Mundygasse",39,0
Steudelgasse 18,"1100 Wien, Steudelgasse",35,0
Kennergasse 10,"1100 Wien, Kennergasse",162,8
Troststraße 64-66,"1100 Wien, Troststraße",121,5
Van-der-Nüll-Gasse 82-86,"1100 Wien, Van-der-Nüll-Gasse",135,9
Bürgergasse 22,"1100 Wien, Bürgergasse",116,8
Friesenplatz 1-2,"1100 Wien, Friesenplatz",178,13
Bürgergasse 17-19,"1100 Wien, Bürgergasse",199,12
Hasengasse 35-41,"1100 Wien, Hasengasse",171,5
Friedrich-Knauer-Gasse 2-4,"1100 Wien, Friedrich-Knauer-Gasse",56,1
Friedrich-Knauer-Gasse 6-8,"1100 Wien, Friedrich-Knauer-Gasse",89,0
Puchsbaumgasse 11-13,"1100 Wien, Puchsbaumgasse",29,0
Alxingergasse 97-103,"1100 Wien, Alxingergasse",92,2
Puchsbaumplatz 14,"1100 Wien, Puchsbaumplatz",11,0
Triester Straße 75-77,"1100 Wien, Triester Straße",44,3
Angeligasse 78-80,"1100 Wien, Angeligasse",90,6
Margarethe-Hilferding-Hof,"1100 Wien, Leebgasse",107,3
Bernhardtstalgasse 38,"1100 Wien, Bernhardtstalgasse",102,11
Schrankenberggasse 22,"1100 Wien, Schrankenberggasse",12,1
Triester Straße 51-53,"1100 Wien, Triester Straße",37,1
Kudlichgasse 26-28,"1100 Wien, Kudlichgasse",32,1
Eschenallee 1-9,"1100 Wien, Eschenallee",108,1
Laxenburger Straße 92,"1100 Wien, Laxenburger Straße",67,0
Grenzackerstraße 7-11,"1100 Wien, Grenzackerstraße",246,53
Leebgasse 94-96,"1100 Wien, Leebgasse",72,3
Dieselgasse 22,"1100 Wien, Dieselgasse",19,1
Kudlichgasse 35,"1100 Wien, Kudlichgasse",41,2
Mundygasse 1,"1100 Wien, Mundygasse",161,4
Triester Straße 85,"1100 Wien, Triester Straße",149,4
Raxstraße 21-27,"1100 Wien, Raxstraße",250,14
Bürgergasse 21-23,"1100 Wien, Bürgergasse",362,14
Buchengasse 25-37,"1100 Wien, Buchengasse",172,11
Sibeliusstraße 5-11,"1100 Wien, Sibeliusstraße",309,10
Erlachgasse 53-57,"1100 Wien, Erlachgasse",93,8
Troststraße 21-37,"1100 Wien, Troststraße",145,19
Ettenreichgasse 42-44,"1100 Wien, Ettenreichgasse",94,5
Franz-Schuh-Gasse 26,"1100 Wien, Franz-Schuh-Gasse",34,0
Raxstraße 6-8,"1100 Wien, Raxstraße",277,11
Antonie-Alt-Hof,"1100 Wien, Leebgasse",120,5
Dampfgasse 18-20,"1100 Wien, Dampfgasse",103,2
Hofherrgasse 5-13,"1100 Wien, Hofherrgasse",157,3
Troststraße 20-30,"1100 Wien, Troststraße",233,3
Oberlaaer Straße 193,"1100 Wien, Ober-Laaer Straße",57,5
Randhartingergasse 17,"1100 Wien, Randhartingergasse",26,0
Pernerstorfergasse 60,"1100 Wien, Pernerstorfergasse",124,5
Neilreichgasse 85-89,"1100 Wien, Neilreichgasse",157,2
Herzgasse 99-101,"1100 Wien, Herzgasse",219,6
Kudlichgasse 12,"1100 Wien, Kudlichgasse",19,0
Jagdgasse 1d,"1100 Wien, Jagdgasse",278,9
Anna-Boschek-Hof,"1100 Wien, Davidgasse",419,21
Wirerstraße 6-14,"1100 Wien, Wirerstraße",104,3
Troststraße 8-16,"1100 Wien, Troststraße",201,5
Puchsbaumgasse 5-7,"1100 Wien, Puchsbaumgasse",178,1
Rechberggasse 16-20,"1100 Wien, Rechberggasse",201,9
Antonsplatz 14-15,"1100 Wien, Antonsplatz",110,6
Migerkastraße 1-3,"1100 Wien, Migerkastraße",129,8
Hausergasse 3-7,"1100 Wien, Hausergasse",110,2
Oberlaaer Straße 87,"1100 Wien, Ober-Laaer Straße",42,4
Karplusgasse 1-39,"1100 Wien, Karplusgasse",384,16
Rotenhofgasse 80-84,"1100 Wien, Rotenhofgasse",261,18
Gußriegelstraße 51-59,"1100 Wien, Gußriegelstraße",451,23
Oberlaaer Straße 39,"1100 Wien, Ober-Laaer Straße",96,11
Troststraße 13-19,"1100 Wien, Troststraße",197,8
Dieselgasse 11-17,"1100 Wien, Dieselgasse",255,5
Laaer-Berg-Straße 34-38,"1100 Wien, Laaer-Berg-Straße",256,8
Schrankenberggasse 29,"1100 Wien, Schrankenberggasse",54,2
Brunnweg 4,"1100 Wien, Brunnweg",172,0
Holbeingasse 11,"1100 Wien, Holbeingasse",120,4
Neilreichgasse 95-99,"1100 Wien, Neilreichgasse",162,7
Quaringasse 22,"1100 Wien, Quaringasse",60,1
Feuchterslebengasse 67,"1100 Wien, Feuchterslebengasse",428,7
Eisenstadtplatz 4-8,"1100 Wien, Eisenstadtplatz",174,5
Patrubangasse 9,"1100 Wien, Patrubangasse",118,6
Laaer-Berg-Straße 32,"1100 Wien, Laaer-Berg-Straße",149,47
Neilreichgasse 56,"1100 Wien, Neilreichgasse",92,5
Graffgasse 12,"1100 Wien, Graffgasse",50,0
Raxstraße 38,"1100 Wien, Raxstraße",35,4
Raxstraße 27a,"1100 Wien, Raxstraße",71,2
Braunspergengasse 27,"1100 Wien, Braunspergengasse",197,1
Fernkorngasse 100,"1100 Wien, Fernkorngasse",135,0
Raxstraße 22,"1100 Wien, Raxstraße",135,12
Klausenburger Straße 33,"1100 Wien, Klausenburger Straße",97,0
Laxenburger Straße 203-217,"1100 Wien, Laxenburger Straße",272,19
Laxenburger Straße 140-142,"1100 Wien, Laxenburger Straße",10,5
Laaer-Berg-Straße 166,"1100 Wien, Laaer-Berg-Straße",19,7
Laaer-Berg-Straße 168,"1100 Wien, Laaer-Berg-Straße",20,8
Laaer-Berg-Straße 172,"1100 Wien, Laaer-Berg-Straße",26,4
Laaer-Berg-Straße 202,"1100 Wien, Laaer-Berg-Straße",35,2
Kempelengasse 5,"1100 Wien, Kempelengasse",373,2
Quellenplatz 4,"1100 Wien, Quellenplatz",35,10
Hebbelplatz 3,"1100 Wien, Hebbelplatz",160,11
Steudelgasse 42,"1100 Wien, Steudelgasse",35,2
Puchsbaumplatz 13,"1100 Wien, Puchsbaumplatz",14,0
Johann-Pölzer-Gasse 4,"1100 Wien, Johann-Pölzer-Gasse",26,0
Herzgasse 15-19,"1100 Wien, Herzgasse",68,5
Simmeringer Hauptstraße 240,"1110 Wien, Simmeringer Hauptstraße",32,8
Gratian-Marx-Straße 4,"1110 Wien, Gratian-Marx-Straße",12,3
Schneidergasse 9,"1110 Wien, Schneidergasse",9,0
Herbortgasse 43,"1110 Wien, Herbortgasse",50,0
Fuchsröhrenstraße 22-30,"1110 Wien, Fuchsröhrenstraße",86,3
Rosa-Jochmann-Hof,"1110 Wien, Simmeringer Hauptstraße",276,16
Eisteichstraße 11,"1110 Wien, Eisteichstraße",32,5
Zippererstraße 14,"1110 Wien, Zippererstraße",162,9
Delsenbachgasse 7-11,"1110 Wien, Delsenbachgasse",81,3
Wilhelm-Otto-Straße 3-5,"1110 Wien, Wilhelm-Otto-Straße",27,3
Gratian-Marx-Straße 5,"1110 Wien, Gratian-Marx-Straße",17,1
Gratian-Marx-Straße 12-14,"1110 Wien, Gratian-Marx-Straße",52,1
Ehamgasse 49,"1110 Wien, Ehamgasse",15,2
Krausegasse 14,"1110 Wien, Krausegasse",33,2
Molitorgasse 5-9,"1110 Wien, Molitorgasse",47,0
Dommesgasse 1-7,"1110 Wien, Dommesgasse",125,11
Herbortgasse 42,"1110 Wien, Herbortgasse",64,0
Rinnböckstraße 14-18,"1110 Wien, Rinnböckstraße",39,7
Geystraße 5-7,"1110 Wien, Geystraße",29,0
Simmeringer Hauptstraße 136-140,"1110 Wien, Simmeringer Hauptstraße",46,6
Römersthalgasse 9-17,"1110 Wien, Römersthalgasse",118,1
Mautner-Markhof-Gasse 10,"1110 Wien, Mautner-Markhof-Gasse",641,7
Karl-Lory-Hof,"1110 Wien, Lorystraße",95,3
Thürnlhofstraße 21-23,"1110 Wien, Thürnlhofstraße",364,3
Thürnlhofstraße 20-24,"1110 Wien, Thürnlhofstraße",621,2
Muhrhoferweg 13-19,"1110 Wien, Muhrhoferweg",419,17
Muhrhoferweg 7-11,"1110 Wien, Muhrhoferweg",460,3
Pantucekgasse 33,"1110 Wien, Pantucekgasse",446,6
Muhrhoferweg 1-5,"1110 Wien, Muhrhoferweg",497,3
Pantucekgasse 9-11,"1110 Wien, Pantucekgasse",472,4
Lorystraße 57,"1110 Wien, Lorystraße",35,1
Luzegasse 2-4,"1110 Wien, Luzegasse",98,8
Eisteichstraße 17-27,"1110 Wien, Eisteichstraße",150,20
Kaiser-Ebersdorfer Straße 290-292,"1110 Wien, Kaiser-Ebersdorfer Straße",26,4
Wilhelm-Otto-Straße 1,"1110 Wien, Wilhelm-Otto-Straße",28,0
Richard-Wadani-Hof,"1110 Wien, Kaiser-Ebersdorfer Straße",45,4
Oberleitengasse 19-23,"1110 Wien, Oberleitengasse",52,2
Johann-Hatzl-Hof,"1110 Wien, Simmeringer Hauptstraße",423,44
Lorystraße 46-48,"1110 Wien, Lorystraße",90,2
Oberleitengasse 1,"1110 Wien, Oberleitengasse",91,2
Dreherstraße 2,"1110 Wien, Muhrhoferweg",40,0
Franz-Haas-Hof,"1110 Wien, Simmeringer Hauptstraße",158,13
Schönbrunner Straße 195,"1120 Wien, Schönbrunner Straße",116,9
Klährgasse 4,"1120 Wien, Klährgasse",11,0
Theresienbadgasse 1,"1120 Wien, Theresienbadgasse",5,11
Moosbruggergasse 1,"1120 Wien, Moosbruggergasse",61,4
Rauchgasse 37,"1120 Wien, Rauchgasse",22,0
Am Wienerberg,"1120 Wien, Wienerbergstraße",778,17
Lichtensterngasse 3-21,"1120 Wien, Lichtensterngasse",400,4
Karl-Löwe-Gasse 7-9,"1120 Wien, Karl-Löwe-Gasse",39,2
Sagedergasse 7-11,"1120 Wien, Sagedergasse",446,5
Korbergasse 8,"1120 Wien, Korbergasse",16,0
Schlöglgasse 71,"1120 Wien, Schlöglgasse",19,2
Karl-Löwe-Gasse 4,"1120 Wien, Karl-Löwe-Gasse",16,0
Koppreitergasse 24-26,"1120 Wien, Koppreitergasse",34,2
Liebenstraße 48,"1120 Wien, Liebenstraße",32,1
Karl-Löwe-Gasse 12,"1120 Wien, Karl-Löwe-Gasse",12,0
Oswaldgasse 14-22,"1120 Wien, Oswaldgasse",151,6
Schönbrunner Straße 181-183,"1120 Wien, Schönbrunner Straße",19,5
Fockygasse 53,"1120 Wien, Fockygasse",47,2
Münchenstraße 24,"1120 Wien, Münchenstraße",29,1
Malfattigasse 39,"1120 Wien, Malfattigasse",42,3
Rosenhügelstraße 35a,"1120 Wien, Rosenhügelstraße",40,6
Wolfganggasse 54,"1120 Wien, Wolfganggasse",32,0
Arndtstraße 30-34,"1120 Wien, Arndtstraße",52,0
Malfattigasse 13,"1120 Wien, Malfattigasse",26,1
Zeleborgasse 7,"1120 Wien, Zeleborgasse",17,1
Malfattigasse 7,"1120 Wien, Malfattigasse",49,3
Wienerbergstraße 10,"1120 Wien, Wienerbergstraße",158,4
Fockygasse 40-44,"1120 Wien, Fockygasse",63,0
Wolfganggasse 50-52,"1120 Wien, Wolfganggasse",61,1
Malfattigasse 27-31,"1120 Wien, Malfattigasse",45,8
Schwenkgasse 54-60,"1120 Wien, Schwenkgasse",42,7
Vierthalergasse 11-17,"1120 Wien, Vierthalergasse",172,7
Hohenbergstraße 24-32,"1120 Wien, Hohenbergstraße",79,4
Pachmüllergasse 21,"1120 Wien, Pachmüllergasse",20,1
Steinhagegasse 9,"1120 Wien, Steinhagegasse",20,0
Kollmayergasse 2-8,"1120 Wien, Kollmayergasse",44,3
Hohenbergstraße 14-16,"1120 Wien, Hohenbergstraße",59,5
Arndtstraße 31-33,"1120 Wien, Arndtstraße",124,1
Hoffingergasse 5,"1120 Wien, Hoffingergasse",69,2
Pirkebnerstraße 1-3,"1120 Wien, Pirkebnerstraße",227,4
Stachegasse 1-3,"1120 Wien, Stachegasse",99,1
Spittelbreitengasse 23,"1120 Wien, Spittelbreitengasse",577,15
Migazziplatz 8-9,"1120 Wien, Migazziplatz",119,3
Schlöglgasse 17,"1120 Wien, Schlöglgasse",88,3
Josef-Mikl-Hof,"1120 Wien, Schönbrunner Straße",41,8
Rothenburgstraße 3,"1120 Wien, Rothenburgstraße",97,1
Eichenstraße 50-52,"1120 Wien, Eichenstraße",23,5
Hetzendorfer Straße 96,"1120 Wien, Hetzendorfer Straße",48,3
Gaßmannstraße 1-19,"1120 Wien, Gaßmannstraße",111,8
Hetzendorfer Straße 43-45,"1120 Wien, Hetzendorfer Straße",33,6
Unter-Meidlinger Straße 16-22,"1120 Wien, Unter-Meidlinger Straße",414,12
Jägerhausgasse 52-56,"1120 Wien, Jägerhausgasse",80,2
Wienerbergstraße 14,"1120 Wien, Wienerbergstraße",109,7
Tivoligasse 13,"1120 Wien, Tivoligasse",125,4
Jägerhausgasse 58-66,"1120 Wien, Jägerhausgasse",89,11
Tivoligasse 4-6,"1120 Wien, Tivoligasse",49,4
Liebenstraße 36-40,"1120 Wien, Liebenstraße",89,1
Hohenbergstraße 34,"1120 Wien, Hohenbergstraße",37,0
Hohenbergstraße 36-38,"1120 Wien, Hohenbergstraße",40,5
Hohenbergstraße 40,"1120 Wien, Hohenbergstraße",24,1
Rotenmühlgasse 64,"1120 Wien, Rotenmühlgasse",212,2
Ratschkygasse 41-43,"1120 Wien, Ratschkygasse",90,0
Egger-Lienz-Gasse 2-6,"1120 Wien, Egger-Lienz-Gasse",80,3
Theergasse 3-5,"1120 Wien, Theergasse",138,10
Spittelbreitengasse 46-48,"1120 Wien, Spittelbreitengasse",71,2
Oswaldgasse 15-19,"1120 Wien, Oswaldgasse",45,0
Pohlgasse 52,"1120 Wien, Pohlgasse",21,3
Hetzendorfer Straße 100,"1120 Wien, Hetzendorfer Straße",34,8
Ignazgasse 21-25,"1120 Wien, Ignazgasse",85,0
Zanaschkagasse 14,"1120 Wien, Zanaschkagasse",232,1
Migazziplatz 6,"1120 Wien, Migazziplatz",16,0
Am Schöpfwerk 31,"1120 Wien, Am Schöpfwerk",258,6
Sechtergasse 8-10,"1120 Wien, Sechtergasse",18,2
Am Schöpfwerk 29,"1120 Wien, Am Schöpfwerk",611,41
Zanaschkagasse 12 und 16,"1120 Wien, Zanaschkagasse",606,11
Wilhelmstraße 39,"1120 Wien, Wilhelmstraße",15,0
Wilhelmstraße 40-44,"1120 Wien, Wilhelmstraße",69,3
Altmannsdorfer Straße 10-14,"1120 Wien, Altmannsdorfer Straße",27,0
Flurschützstraße 26,"1120 Wien, Flurschützstraße",19,3
Rollingergasse 6-8,"1120 Wien, Rollingergasse",165,3
Hetzendorfer Straße 23,"1120 Wien, Hetzendorfer Straße",24,0
Schönbrunner Schloßstraße 34,"1120 Wien, Schönbrunner Schloßstraße",71,1
Sechtergasse 7,"1120 Wien, Sechtergasse",26,0
Wanda-Lanzer-Hof,"1130 Wien, Speisinger Straße",101,5
Eduard-Popp-Hof,"1130 Wien, Biraghigasse",146,23
Hetzendorfer Straße 164-182,"1130 Wien, Hetzendorfer Straße",82,5
Wolkersbergenstraße 10,"1130 Wien, Wolkersbergenstraße",7,0
Hetzendorfer Straße 165-187,"1130 Wien, Hetzendorfer Straße",209,28
Fasangartengasse 65,"1130 Wien, Fasangartengasse",59,7
Waldvogelstraße 18-24,"1130 Wien, Waldvogelstraße",203,8
Speisinger Straße 102,"1130 Wien, Speisinger Straße",39,2
Veitingergasse 129-135,"1130 Wien, Veitingergasse",128,6
Ebner-Rofenstein-Gasse 2-14,"1130 Wien, Ebner-Rofenstein-Gasse",43,7
Elisabeth-Barbara-Parma-Hof,"1130 Wien, Waldvogelstraße",41,2
Speisinger Straße 47-53,"1130 Wien, Speisinger Straße",81,10
St.-Veit-Gasse 80,"1130 Wien, Sankt-Veit-Gasse",32,3
Montecuccoliplatz 1-3,"1130 Wien, Montecuccoliplatz",109,3
Dommayergasse 5,"1130 Wien, Dommayergasse",5,2
Vier-Jahreszeiten-Hof,"1130 Wien, Bossigasse",188,10
Gallgasse 2-4,"1130 Wien, Gallgasse",42,5
Spohrstraße 19-31,"1130 Wien, Spohrstraße",168,9
Anton-Langer-Gasse 39-45,"1130 Wien, Anton-Langer-Gasse",33,1
Trazerberggasse 66-88,"1130 Wien, Trazerberggasse",45,2
Gemeindeberggasse 10-24,"1130 Wien, Gemeindeberggasse",68,11
Wattmanngasse 58-60,"1130 Wien, Wattmanngasse",112,14
Himmelhofgasse 9-13,"1130 Wien, Himmelhofgasse",25,3
Hanselmayergasse 9-15,"1130 Wien, Hanselmayergasse",45,1
Waldvogelstraße 2-8,"1130 Wien, Waldvogelstraße",43,6
Fasangartengasse 109-115,"1130 Wien, Fasangartengasse",134,5
Gobergasse 62-72,"1130 Wien, Gobergasse",56,4
Trauttmansdorffgasse 22-24,"1130 Wien, Trauttmansdorffgasse",32,4
Hummelgasse 56-64,"1130 Wien, Hummelgasse",59,6
Hochheimgasse 26,"1130 Wien, Hochheimgasse",32,1
Speisinger Straße 100,"1130 Wien, Speisinger Straße",18,5
Heinrich-Hies-Hof,"1130 Wien, Schluckergasse",84,1
Speisinger Straße 68,"1130 Wien, Speisinger Straße",14,0
Jagdschloßgasse 40,"1130 Wien, Jagdschloßgasse",25,0
Schrutkagasse 1-7,"1130 Wien, Schrutkagasse",28,3
Versorgungsheimstraße 19,"1130 Wien, Versorgungsheimstraße",22,1
Friedrich-Engels-Platz 9,"1200 Wien, Friedrich-Engels-Platz",326,4
Aignerstraße 8-14,"1200 Wien, Aignerstraße",55,0
Hauptstraße 105,"1140 Wien, Hauptstraße",13,1
Pevetzgasse 4,"1140 Wien, Pevetzgasse",0,0
Hüttelbergstraße 26 a,"1140 Wien, Hüttelbergstraße",3,0
Hütteldorfer Straße 265-267,"1140 Wien, Hütteldorfer Straße",51,8
Phillipsgasse 8,"1140 Wien, Phillipsgasse",164,28
Goldschlagstraße 193-195,"1140 Wien, Goldschlagstraße",47,7
Lenneisgasse 11-13,"1140 Wien, Lenneisgasse",133,9
Meiselstraße 67-69,"1140 Wien, Meiselstraße",257,7
Linzer Straße 254,"1140 Wien, Linzer Straße",101,14
Hüttelbergstraße 7,"1140 Wien, Hüttelbergstraße",20,3
Meiselstraße 76,"1140 Wien, Meiselstraße",14,1
Cervantesgasse 9,"1140 Wien, Cervantesgasse",12,0
Neubeckgasse 4,"1140 Wien, Neubeckgasse",15,1
Meiselstraße 73,"1140 Wien, Meiselstraße",11,0
Gründorfgasse 4,"1140 Wien, Gründorfgasse",13,0
Cervantesgasse 3,"1140 Wien, Cervantesgasse",25,0
Hickelgasse 12,"1140 Wien, Hickelgasse",13,4
Mitisgasse 36-38,"1140 Wien, Mitisgasse",42,1
Sebastian-Kelch-Gasse 4-6,"1140 Wien, Sebastian-Kelch-Gasse",23,1
Sebastian-Kelch-Gasse 5-7,"1140 Wien, Sebastian-Kelch-Gasse",36,3
Gründorfgasse 1-3,"1140 Wien, Gründorfgasse",34,3
Fenzlgasse 31,"1140 Wien, Fenzlgasse",24,3
Sebastian-Kelch-Gasse 1-3,"1140 Wien, Sebastian-Kelch-Gasse",49,6
Goldschlagstraße 148-158,"1140 Wien, Goldschlagstraße",254,8
Hickelgasse 16,"1140 Wien, Hickelgasse",15,0
Johanna-Dohnal-Hof,"1140 Wien, Jenullgasse",92,0
Onno-Klopp-Gasse 12-16,"1140 Wien, Onno-Klopp-Gasse",140,13
Goldschlagstraße 144-146,"1140 Wien, Goldschlagstraße",119,9
Linzer Straße 374,"1140 Wien, Linzer Straße",21,0
Dreyhausenstraße 28-30,"1140 Wien, Dreyhausenstraße",25,1
Breitenseer Straße 106-108,"1140 Wien, Breitenseer Straße",146,5
Rupertgasse 6-16,"1140 Wien, Rupertgasse",120,5
Penzinger Straße 138-140,"1140 Wien, Penzinger Straße",123,7
Hickelgasse 11,"1140 Wien, Hickelgasse",13,0
Breitenseer Straße 110-112,"1140 Wien, Breitenseer Straße",425,14
Linzer Straße 60-62,"1140 Wien, Linzer Straße",52,6
Hochsatzengasse 6,"1140 Wien, Hochsatzengasse",21,0
Hickelgasse 8,"1140 Wien, Hickelgasse",33,1
Goldschlagstraße 142,"1140 Wien, Goldschlagstraße",29,1
Lenneisgasse 4-8,"1140 Wien, Lenneisgasse",252,4
Niederpointenstraße 7,"1140 Wien, Niederpointenstraße",165,9
Baumgartenstraße 25-33,"1140 Wien, Baumgartenstraße",48,2
Gustav-Klimt-Hof,"1140 Wien, Linzer Straße",118,13
Hadikgasse 268-272,"1140 Wien, Hadikgasse",240,8
Deutschordenstraße 27-35,"1140 Wien, Deutschordenstraße",137,3
Amortgasse 1-17,"1140 Wien, Amortgasse",226,10
Hütteldorfer Straße 252,"1140 Wien, Hütteldorfer Straße",55,3
Prochstraße 21-23,"1140 Wien, Prochstraße",163,6
Hickelgasse 4-6,"1140 Wien, Hickelgasse",45,3
Wolfersberggasse 13-17,"1140 Wien, Wolfersberggasse",81,6
Hadikgasse 288-294,"1140 Wien, Hadikgasse",75,5
Marcusgasse 4-12,"1140 Wien, Marcusgasse",128,8
Cumberlandstraße 20,"1140 Wien, Cumberlandstraße",23,0
Linzer Straße 253-255,"1140 Wien, Linzer Straße",24,8
Rudolf-Edlinger-Hof,"1140 Wien, Deutschordenstraße",133,5
Dreyhausenstraße 46,"1140 Wien, Dreyhausenstraße",26,1
Sanatoriumstraße 19-25,"1140 Wien, Sanatoriumstraße",145,9
Hauptstraße 89,"1140 Wien, Hauptstraße",14,2
Mühlbergstraße 4-6,"1140 Wien, Mühlbergstraße",18,1
Hütteldorfer Straße 268-276,"1140 Wien, Hütteldorfer Straße",123,10
Breitenseer Straße 68-74,"1140 Wien, Breitenseer Straße",94,3
Käthe-Jonas-Hof,"1140 Wien, Waidhausenstraße",103,7
Rosentalgasse 15,"1140 Wien, Rosentalgasse",103,12
Anzbachgasse 31,"1140 Wien, Anzbachgasse",219,29
Linzer Straße 474-478,"1140 Wien, Linzer Straße",43,8
Salisstraße 5-15,"1140 Wien, Salisstraße",112,5
Linzer Straße 20-26,"1140 Wien, Linzer Straße",48,8
Linzer Straße 397-399,"1140 Wien, Linzer Straße",24,3
Huttengasse 2-4,"1140 Wien, Huttengasse",25,2
Schwendergasse 15,"1150 Wien, Schwendergasse",19,2
Braunhirschengasse 33-37,"1150 Wien, Braunhirschengasse",25,2
Wohnsiedlung Schmelz,"1150 Wien, Wohnsiedlung Schmelz",719,61
Hütteldorfer Straße 3-5,"1150 Wien, Hütteldorfer Straße",68,5
Chrobakgasse 3-5,"1150 Wien, Chrobakgasse",60,2
Oeverseestraße 25-29,"1150 Wien, Oeverseestraße",114,2
Giselhergasse 6-12,"1150 Wien, Giselhergasse",119,17
Neusserplatz 1,"1150 Wien, Neusserplatz",84,1
Geyschlägergasse 2-12,"1150 Wien, Geyschlägergasse",57,4
Pilgerimgasse 4-6,"1150 Wien, Pilgerimgasse",64,3
Gablenzgasse 35-37,"1150 Wien, Gablenzgasse",116,3
Loeschenkohlgasse 30-32,"1150 Wien, Loeschenkohlgasse",77,4
Costagasse 15,"1150 Wien, Costagasse",19,1
Rauchfangkehrergasse 26,"1150 Wien, Rauchfangkehrergasse",33,3
Graumanngasse 31-33,"1150 Wien, Graumanngasse",42,4
Braunhirschengasse 12-20,"1150 Wien, Braunhirschengasse",42,7
Tautenhayngasse 28,"1150 Wien, Tautenhayngasse",150,7
Camillo-Sitte-Gasse 11-13,"1150 Wien, Camillo-Sitte-Gasse",49,0
Matthias-Schönerer-Gasse 14-18,"1150 Wien, Matthias-Schönerer-Gasse",67,0
Jheringgasse 3-5,"1150 Wien, Jheringgasse",35,0
Alliogasse 8-10,"1150 Wien, Alliogasse",118,0
Tellgasse 18,"1150 Wien, Tellgasse",14,0
Nobilegasse 36,"1150 Wien, Nobilegasse",15,0
Sturzgasse 29,"1150 Wien, Sturzgasse",14,0
Plunkergasse 4-12,"1150 Wien, Plunkergasse",155,10
Fünfhausgasse 16-18,"1150 Wien, Fünfhausgasse",42,3
Grimmgasse 17,"1150 Wien, Grimmgasse",13,0
Gablenzgasse 41,"1150 Wien, Gablenzgasse",190,7
Loeschenkohlgasse 3,"1150 Wien, Loeschenkohlgasse",26,0
Graumanngasse 12,"1150 Wien, Graumanngasse",34,4
Kellinggasse 7,"1150 Wien, Kellinggasse",10,1
Gablenzgasse 27,"1150 Wien, Gablenzgasse",44,3
Witzelsbergergasse 16-18,"1150 Wien, Witzelsbergergasse",25,0
Turnergasse 7,"1150 Wien, Turnergasse",19,2
Meiselstraße 11,"1150 Wien, Meiselstraße",57,6
Johnstraße 81,"1150 Wien, Johnstraße",15,0
Oelweingasse 7,"1150 Wien, Oelweingasse",16,1
Alliogasse 21,"1150 Wien, Alliogasse",49,3
Braunhirschengasse 43,"1150 Wien, Braunhirschengasse",10,0
Schwendergasse 21-23,"1150 Wien, Schwendergasse",19,3
Braunhirschengasse 17-21,"1150 Wien, Braunhirschengasse",29,1
Oelweingasse 22-26,"1150 Wien, Oelweingasse",41,4
Braunhirschengasse 9,"1150 Wien, Braunhirschengasse",10,1
Braunhirschengasse 13,"1150 Wien, Braunhirschengasse",10,1
Goldschlagstraße 107,"1150 Wien, Goldschlagstraße",30,3
Jurekgasse 5,"1150 Wien, Jurekgasse",29,5
Sechshauser Straße 94-96,"1150 Wien, Sechshauser Straße",18,3
Oelweingasse 6-8,"1150 Wien, Oelweingasse",26,1
Fünfhausgasse 14,"1150 Wien, Fünfhausgasse",9,1
Jurekgasse 29,"1150 Wien, Jurekgasse",32,0
Braunhirschengasse 36-38,"1150 Wien, Braunhirschengasse",34,1
Meiselstraße 36-42,"1150 Wien, Meiselstraße",67,1
Robert-Hamerling-Gasse 15,"1150 Wien, Robert-Hamerling-Gasse",42,1
Clementinengasse 6,"1150 Wien, Clementinengasse",12,0
Talgasse 2,"1150 Wien, Talgasse",21,0
Anschützgasse 8a,"1150 Wien, Anschützgasse",36,0
Turnergasse 22,"1150 Wien, Turnergasse",21,0
Maria-Jonas-Hof,"1150 Wien, Turnergasse",15,0
Sturzgasse 14,"1150 Wien, Sturzgasse",12,1
Anschützgasse 4a,"1150 Wien, Anschützgasse",47,1
Storchengasse 16-20,"1150 Wien, Storchengasse",37,2
Sturzgasse 37,"1150 Wien, Sturzgasse",25,0
Jurekgasse 6,"1150 Wien, Jurekgasse",14,2
Kranzgasse 5,"1150 Wien, Kranzgasse",21,1
Lehnergasse 4,"1150 Wien, Lehnergasse",10,0
Weiglgasse 6-10,"1150 Wien, Weiglgasse",291,14
Anschützgasse 9-13,"1150 Wien, Anschützgasse",79,1
Kranzgasse 20,"1150 Wien, Kranzgasse",18,0
Geibelgasse 10,"1150 Wien, Geibelgasse",19,0
Grimmgasse 19,"1150 Wien, Grimmgasse",15,0
Reindorfgasse 9,"1150 Wien, Reindorfgasse",29,4
Grimmgasse 4,"1150 Wien, Grimmgasse",16,1
Hagengasse 21,"1150 Wien, Hagengasse",15,1
Dankwartgasse 6,"1150 Wien, Dankwartgasse",16,1
Clementinengasse 3,"1150 Wien, Clementinengasse",26,1
Grimmgasse 8,"1150 Wien, Grimmgasse",13,0
Reindorfgasse 38,"1150 Wien, Reindorfgasse",25,5
Dreihausgasse 8-10,"1150 Wien, Dreihausgasse",33,0
Grimmgasse 15,"1150 Wien, Grimmgasse",17,0
Herklotzgasse 17-19,"1150 Wien, Herklotzgasse",32,0
Grimmgasse 44,"1150 Wien, Grimmgasse",21,1
Dadlergasse 17,"1150 Wien, Dadlergasse",50,4
Hollergasse 12,"1150 Wien, Hollergasse",15,3
Braunhirschengasse 8-10,"1150 Wien, Braunhirschengasse",15,0
Hollergasse 21,"1150 Wien, Hollergasse",14,1
Reichsapfelgasse 9,"1150 Wien, Reichsapfelgasse",37,1
Beckmanngasse 64,"1150 Wien, Beckmanngasse",10,1
Goldschlagstraße 91,"1150 Wien, Goldschlagstraße",12,2
Heinickegasse 3,"1150 Wien, Heinickegasse",13,0
Zinckgasse 5-7,"1150 Wien, Zinckgasse",32,3
Fünfhausgasse 6-8,"1150 Wien, Fünfhausgasse",23,1
Storchengasse 22,"1150 Wien, Storchengasse",21,0
Anschützgasse 10,"1150 Wien, Anschützgasse",19,0
Ortnergasse 5,"1150 Wien, Ortnergasse",11,0
Kellinggasse 13,"1150 Wien, Kellinggasse",14,0
Diefenbachgasse 30,"1150 Wien, Diefenbachgasse",16,0
Sturzgasse 31-33,"1150 Wien, Sturzgasse",22,0
Rustengasse 10,"1150 Wien, Rustengasse",21,1
Toßgasse 5,"1150 Wien, Tossgasse",10,0
Beckmanngasse 66,"1150 Wien, Beckmanngasse",10,0
Karmeliterhofgasse 7-9,"1150 Wien, Karmeliterhofgasse",35,0
Oelweingasse 3-5,"1150 Wien, Oelweingasse",24,1
Rauchfangkehrergasse 17-27,"1150 Wien, Rauchfangkehrergasse",82,1
Kirchstetterngasse 60,"1160 Wien, Kirchstetterngasse",20,2
Neulerchenfelder Straße 52,"1160 Wien, Neulerchenfelder Straße",12,2
Enenkelstraße 35,"1160 Wien, Enenkelstraße",48,4
Josef-Srp-Hof,"1160 Wien, Thaliastraße",19,7
Brüßlgasse 34,"1160 Wien, Brüßlgasse",18,1
Thalhaimergasse 44,"1160 Wien, Thalhaimergasse",17,1
Hella-Hanzlik-Hof,"1160 Wien, Brüßlgasse",49,0
Mildeplatz 7,"1160 Wien, Mildeplatz",22,2
Sulmgasse 22-24,"1160 Wien, Sulmgasse",20,1
Redtenbachergasse 40-44,"1160 Wien, Redtenbachergasse",30,0
Paletzgasse 17,"1160 Wien, Paletzgasse",82,2
Ganglbauergasse 4-12,"1160 Wien, Ganglbauergasse",122,4
Lorenz-Mandl-Gasse 36-38,"1160 Wien, Lorenz-Mandl-Gasse",59,1
Heindlgasse 7-9,"1160 Wien, Heindlgasse",25,0
Arltgasse 2-16,"1160 Wien, Arltgasse",226,8
Pfenninggeldgasse 3-7,"1160 Wien, Pfenninggeldgasse",33,3
Hasnerstraße 111-115,"1160 Wien, Hasnerstraße",37,2
Lorenz-Mandl-Gasse 7-9,"1160 Wien, Lorenz-Mandl-Gasse",31,0
Odoakergasse 10-18,"1160 Wien, Odoakergasse",103,5
Haberlgasse 74,"1160 Wien, Haberlgasse",28,1
Wiesberggasse 6b,"1160 Wien, Wiesberggasse",67,6
Fröbelgasse 55-57,"1160 Wien, Fröbelgasse",30,4
Arltgasse 34-36,"1160 Wien, Arltgasse",27,2
Degengasse 7,"1160 Wien, Degengasse",16,0
Haberlgasse 76,"1160 Wien, Haberlgasse",20,3
Panikengasse 6-8,"1160 Wien, Panikengasse",55,0
Koppstraße 6,"1160 Wien, Koppstraße",30,1
Payergasse 18,"1160 Wien, Payergasse",21,0
Wernhardtstraße 12-16,"1160 Wien, Wernhardtstraße",128,2
Karl-Metschl-Gasse 13-23,"1160 Wien, Karl-Metschl-Gasse",69,2
Klausgasse 1-11,"1160 Wien, Klausgasse",277,9
Winterburgergasse 3-11,"1160 Wien, Winterburgergasse",259,9
Heindlgasse 4,"1160 Wien, Heindlgasse",38,2
Hofferplatz 3,"1160 Wien, Hofferplatz",52,4
Weinheimergasse 7-9,"1160 Wien, Weinheimergasse",102,5
Abelegasse 12,"1160 Wien, Abelegasse",17,2
Maroltingergasse 19-25,"1160 Wien, Maroltingergasse",99,6
Ottakringer Straße 217-221,"1160 Wien, Ottakringer Straße",42,3
Karoline-Pluskal-Hof,"1160 Wien, Sandleitengasse",193,4
Ottakringer Straße 147,"1160 Wien, Ottakringer Straße",25,2
Mildeplatz 3,"1160 Wien, Mildeplatz",32,1
Winterburgergasse 1,"1160 Wien, Winterburgergasse",34,5
Roseggergasse 44-46,"1160 Wien, Roseggergasse",90,10
Friedrich-Kaiser-Gasse 36-38,"1160 Wien, Friedrich-Kaiser-Gasse",26,4
Abelegasse 29,"1160 Wien, Abelegasse",71,1
Haberlgasse 86,"1160 Wien, Haberlgasse",18,0
Friedrich-Kaiser-Gasse 18-24,"1160 Wien, Friedrich-Kaiser-Gasse",41,5
Degengasse 34-38,"1160 Wien, Degengasse",54,1
Ameisbachzeile 119-123,"1160 Wien, Ameisbachzeile",163,9
Arnethgasse 105,"1160 Wien, Arnethgasse",23,3
Bachgasse 14,"1160 Wien, Bachgasse",11,0
Grundsteingasse 6,"1160 Wien, Grundsteingasse",15,0
Feßtgasse 12-14,"1160 Wien, Feßtgasse",39,3
Ganglbauergasse 7,"1160 Wien, Ganglbauergasse",15,0
Grundsteingasse 66,"1160 Wien, Grundsteingasse",16,0
Feßtgasse 16,"1160 Wien, Feßtgasse",29,2
Johann-Nepomuk-Berger-Platz 7,"1160 Wien, Johann-Nepomuk-Berger-Platz",18,0
Sulmgasse 2-6,"1160 Wien, Sulmgasse",63,6
Gerhard-Hanappi-Hof,"1160 Wien, Liebhartsgasse",25,1
Eisnergasse 15-17,"1160 Wien, Eisnergasse",24,1
Ottakringer Straße 103,"1160 Wien, Ottakringer Straße",14,3
Ottakringer Straße 194-196,"1160 Wien, Ottakringer Straße",192,5
Neumayrgasse 7-9,"1160 Wien, Neumayrgasse",104,4
Ottakringer Straße 188,"1160 Wien, Ottakringer Straße",67,4
Ottakringer Straße 145,"1160 Wien, Ottakringer Straße",13,1
Brunnengasse 7,"1160 Wien, Brunnengasse",15,1
Eisnergasse 11-13,"1160 Wien, Eisnergasse",28,0
Bachgasse 22,"1160 Wien, Bachgasse",18,0
Friedrich-Kaiser-Gasse 27,"1160 Wien, Friedrich-Kaiser-Gasse",9,0
Roseggergasse 43,"1160 Wien, Roseggergasse",18,0
Arnethgasse 43-45,"1160 Wien, Arnethgasse",19,0
Richard-Wagner-Platz 3,"1160 Wien, Richard-Wagner-Platz",23,3
Hubert-Pfoch-Hof,"1160 Wien, Thaliastraße",40,5
Abelegasse 14-16,"1160 Wien, Abelegasse",15,1
Arltgasse 38-40,"1160 Wien, Arltgasse",28,0
Sandleitengasse 55,"1160 Wien, Sandleitengasse",34,1
Nattergasse 19,"1170 Wien, Nattergasse",13,0
Balderichgasse 23-29,"1170 Wien, Balderichgasse",133,26
Bergsteiggasse 28,"1170 Wien, Bergsteiggasse",26,7
Kastnergasse 25-27,"1170 Wien, Kastnergasse",41,2
Richthausenstraße 3,"1170 Wien, Richthausenstraße",46,1
Rötzergasse 29-31,"1170 Wien, Rötzergasse",38,3
Dornbacher Straße 84a,"1170 Wien, Dornbacher Straße",21,4
Wattgasse 88,"1170 Wien, Wattgasse",64,5
Wattgasse 96-98,"1170 Wien, Wattgasse",259,15
Weidmanngasse 14,"1170 Wien, Weidmanngasse",18,0
Taubergasse 1-3,"1170 Wien, Taubergasse",73,7
Christine-Nöstlinger-Hof,"1170 Wien, Rosensteingasse",264,14
Pretschgogasse 16,"1170 Wien, Pretschgogasse",46,2
Pezzlgasse 71-81,"1170 Wien, Pezzlgasse",71,1
Neuwaldegger Straße 19-21,"1170 Wien, Neuwaldegger Straße",48,3
Kastnergasse 28-30,"1170 Wien, Kastnergasse",37,1
Dürauergasse 9-13,"1170 Wien, Dürauergasse",175,4
Vollbadgasse 5,"1170 Wien, Vollbadgasse",184,15
Hernalser Hauptstraße 100,"1170 Wien, Hernalser Hauptstraße",47,7
Ortliebgasse 35-37,"1170 Wien, Ortliebgasse",55,5
Promenadegasse 19,"1170 Wien, Promenadegasse",95,4
Jörgerstraße 38,"1170 Wien, Jörgerstraße",25,3
Gschwandnergasse 53-57,"1170 Wien, Gschwandnergasse",58,6
Zeillergasse 39-43,"1170 Wien, Zeillergasse",97,9
Alszeile 118,"1170 Wien, Alszeile",122,16
Vollbadgasse 1,"1170 Wien, Vollbadgasse",18,0
Weißgasse 15,"1170 Wien, Weißgasse",55,4
Comeniusgasse 2,"1170 Wien, Comeniusgasse",112,6
Sautergasse 40-42,"1170 Wien, Sautergasse",53,4
Neuwaldegger Straße 3,"1170 Wien, Neuwaldegger Straße",27,4
Taubergasse 5-7,"1170 Wien, Taubergasse",48,2
Leopold-Ernst-Gasse 22,"1170 Wien, Leopold-Ernst-Gasse",28,1
Weidmanngasse 28,"1170 Wien, Weidmanngasse",17,2
Horneckgasse 16,"1170 Wien, Horneckgasse",10,0
Rosensteingasse 63,"1170 Wien, Rosensteingasse",11,0
Dornbacher Straße 119,"1170 Wien, Dornbacher Straße",20,0
Sautergasse 44,"1170 Wien, Sautergasse",12,0
Ortliebgasse 1-3,"1170 Wien, Ortliebgasse",43,7
Rosensteingasse 47-49,"1170 Wien, Rosensteingasse",37,1
Weidmanngasse 33,"1170 Wien, Weidmanngasse",20,2
Leopold-Ernst-Gasse 20,"1170 Wien, Leopold-Ernst-Gasse",15,1
Rosensteingasse 61,"1170 Wien, Rosensteingasse",11,1
Elterleinplatz 9-12,"1170 Wien, Elterleinplatz",111,10
Weidmanngasse 34,"1170 Wien, Weidmanngasse",25,0
Hernalser Hauptstraße 69,"1170 Wien, Hernalser Hauptstraße",79,3
Taubergasse 19,"1170 Wien, Taubergasse",50,1
Rötzergasse 17,"1170 Wien, Rötzergasse",77,5
Beheimgasse 59,"1170 Wien, Beheimgasse",19,1
Kalvarienberggasse 31,"1170 Wien, Kalvarienberggasse",0,1
Scheibenbergstraße 71,"1180 Wien, Scheibenbergstraße",1,5
Lacknergasse 96,"1180 Wien, Lacknergasse",31,8
Schopenhauerstraße 86,"1180 Wien, Schopenhauerstraße",13,1
Weimarer Straße 1,"1180 Wien, Weimarer Straße",23,3
Gentzgasse 45,"1180 Wien, Gentzgasse",27,4
Gentzgasse 79,"1180 Wien, Gentzgasse",18,4
Antonigasse 100,"1180 Wien, Antonigasse",13,2
Währinger Straße 188-190,"1180 Wien, Währinger Straße",269,14
Mollgasse 3-5,"1180 Wien, Mollgasse",51,6
Hockegasse 9,"1180 Wien, Hockegasse",33,4
Weimarer Straße 8-10,"1180 Wien, Weimarer Straße",66,4
Köhlergasse 1-3,"1180 Wien, Köhlergasse",33,5
Rudolf-Sigmund-Hof,"1180 Wien, Gersthofer Straße",273,20
Währinger Straße 165,"1180 Wien, Währinger Straße",9,3
Staudgasse 48-50,"1180 Wien, Staudgasse",15,1
Albrecht-Konecny-Hof,"1180 Wien, Schöffelgasse",64,6
Pötzleinsdorfer Straße 100,"1180 Wien, Pötzleinsdorfer Straße",27,3
Gabriele-Proft-Hof,"1180 Wien, Messerschmidtgasse",131,4
Teschnergasse 20,"1180 Wien, Teschnergasse",47,0
Simonygasse 2b,"1180 Wien, Simonygasse",125,15
Sternwartestraße 29,"1180 Wien, Sternwartestraße",16,0
Michaelerstraße 30,"1180 Wien, Michaelerstraße",34,3
Paulinengasse 13,"1180 Wien, Paulinengasse",27,6
Czartoryskigasse 62-68,"1180 Wien, Czartoryskigasse",186,5
Kreuzgasse 32,"1180 Wien, Kreuzgasse",14,2
Plenergasse 12-14,"1180 Wien, Plenergasse",42,3
Wielemansgasse 18-22,"1180 Wien, Wielemansgasse",65,6
Gymnasiumstraße 38,"1180 Wien, Gymnasiumstraße",27,4
Martinstraße 85,"1180 Wien, Martinstraße",16,0
Peter-Jordan-Straße 81,"1180 Wien, Peter-Jordan-Straße",151,13
Theresiengasse 69-71,"1180 Wien, Theresiengasse",29,2
Leitermayergasse 52,"1180 Wien, Leitermayergasse",35,0
Karlweisgasse 41,"1180 Wien, Karlweisgasse",53,6
Billrothstraße 77,"1190 Wien, Billrothstraße",22,1
Krottenbachstraße 40,"1190 Wien, Krottenbachstraße",55,9
Krottenbachstraße 37,"1190 Wien, Krottenbachstraße",13,3
Ruthgasse 7,"1190 Wien, Ruthgasse",51,10
Schegargasse 17,"1190 Wien, Schegargasse",58,3
Döblinger Gürtel 10,"1190 Wien, Döblinger Gürtel",33,2
Heiligenstädter Straße 146,"1190 Wien, Heiligenstädter Straße",34,2
Budinskygasse 10,"1190 Wien, Budinskygasse",70,4
Neustift am Walde 69-71,"1190 Wien, Neustift am Walde",23,1
Ella-Briggs-Hof,"1190 Wien, Philippovichgasse",43,2
Sieveringer Straße 25,"1190 Wien, Sieveringer Straße",23,5
Scherpegasse 1a,"1190 Wien, Scherpegasse",25,1
Heiligenstädter Straße 166-168,"1190 Wien, Heiligenstädter Straße",91,7
Krottenbachstraße 183,"1190 Wien, Krottenbachstraße",14,1
Heiligenstädter Straße 163,"1190 Wien, Heiligenstädter Straße",152,9
Kahlenberger Straße 7-9,"1190 Wien, Kahlenberger Straße",42,1
Grinzinger Straße 123-131,"1190 Wien, Grinzinger Straße",58,1
Probusgasse 14-16,"1190 Wien, Probusgasse",21,3
Silbergasse 4,"1190 Wien, Silbergasse",69,7
Boschstraße 20-22,"1190 Wien, Boschstraße",166,4
Weinberggasse 17,"1190 Wien, Weinberggasse",231,9
Heiligenstädter Straße 165,"1190 Wien, Heiligenstädter Straße",127,6
Krottenbachstraße 90-92,"1190 Wien, Krottenbachstraße",105,3
Heiligenstädter Straße 129,"1190 Wien, Heiligenstädter Straße",47,1
Rudolf-Sarközi-Hof,"1190 Wien, Springsiedelgasse",181,5
Grinzinger Straße 49,"1190 Wien, Grinzinger Straße",18,0
Flotowgasse 7,"1190 Wien, Flotowgasse",176,4
Krottenbachstraße 94-96,"1190 Wien, Krottenbachstraße",89,2
Weimarer Straße 110,"1190 Wien, Weimarer Straße",34,2
Krottenbachstraße 39-41,"1190 Wien, Krottenbachstraße",38,0
Anton Proksch-Hof,"1190 Wien, Grinzinger Straße",394,26
Heiligenstädter Straße 141-145,"1190 Wien, Heiligenstädter Straße",283,20
Sieveringer Straße 163,"1190 Wien, Sieveringer Straße",24,2
Billrothstraße 61,"1190 Wien, Billrothstraße",16,1
Prof. Harry-Glöckner-Hof,"1190 Wien, Paradisgasse",99,6
Grinzinger Straße 2,"1190 Wien, Grinzinger Straße",30,5
Mira-Lobe-Hof,"1190 Wien, Boschstraße",273,12
Hansi-Lang-Hof,"1190 Wien, Hutweidengasse",110,3
Richard-Stockinger-Hof,"1190 Wien, Cottagegasse",56,1
Krottenbachstraße 69-73,"1190 Wien, Krottenbachstraße",47,9
Krottenbachstraße 42-46,"1190 Wien, Krottenbachstraße",99,9
Hameaustraße 2-4,"1190 Wien, Hameaustraße",71,2
Sickenberggasse 11a,"1190 Wien, Sickenberggasse",34,2
Daringergasse 10,"1190 Wien, Daringergasse",24,1
Greinergasse 3,"1190 Wien, Greinergasse",26,1
Grinzinger Allee 19,"1190 Wien, Paradisgasse",38,6
Heiligenstädter Straße 167-171,"1190 Wien, Heiligenstädter Straße",40,7
Görgengasse 9-11,"1190 Wien, Görgengasse",241,9
Sickenberggasse 1-5,"1190 Wien, Sickenberggasse",35,6
Sieveringer Straße 102,"1190 Wien, Sieveringer Straße",15,2
An den langen Lüssen 17-27,"1190 Wien, An den langen Lüssen",6,3
Heiligenstädter Straße 152,"1190 Wien, Heiligenstädter Straße",18,3
Görgengasse 26,"1190 Wien, Görgengasse",195,20
Kaasgrabengasse 3a,"1190 Wien, Kaasgrabengasse",35,1
Börnergasse 15,"1190 Wien, Börnergasse",72,7
Krottenbachstraße 104,"1190 Wien, Krottenbachstraße",97,1
Krottenbachstraße 110,"1190 Wien, Krottenbachstraße",200,6
Krottenbachstraße 106,"1190 Wien, Krottenbachstraße",293,21
Kratzlgasse 3,"1190 Wien, Kratzlgasse",95,0
Börnergasse 3,"1190 Wien, Börnergasse",168,18
Budinskygasse 25-29,"1190 Wien, Budinskygasse",36,2
Görgengasse 8,"1190 Wien, Görgengasse",39,0
Eichelhofstraße 2,"1190 Wien, Eichelhofstraße",47,0
Krottenbachstraße 122,"1190 Wien, Krottenbachstraße",232,2
Heiligenstädter Straße 327-331,"1190 Wien, Heiligenstädter Straße",21,2
Hutweidengasse 64,"1190 Wien, Hutweidengasse",51,1
Hardtgasse 14,"1190 Wien, Hardtgasse",20,0
Gerda-Lerner-Hof,"1190 Wien, Pyrkergasse",18,1
Greinergasse 20,"1190 Wien, Greinergasse",15,1
Hardtgasse 10-12,"1190 Wien, Hardtgasse",31,1
Arbesbachgasse 20,"1190 Wien, Arbesbachgasse",34,0
Arbesbachgasse 14-16,"1190 Wien, Arbesbachgasse",21,0
Gatterburggasse 2c,"1190 Wien, Gatterburggasse",19,0
Obkirchergasse 12-14,"1190 Wien, Obkirchergasse",9,0
Burghardtgasse 30,"1200 Wien, Burghardtgasse",18,0
Manfred-Ackermann-Hof,"1200 Wien, Brigittaplatz",20,1
Friedrich-Engels-Platz 1,"1200 Wien, Friedrich-Engels Platz",150,11
Vorgartenstraße 93,"1200 Wien, Vorgartenstraße",19,2
Brigittenauer Lände 138-142,"1200 Wien, Brigittenauer Lände",54,1
Pappenheimgasse 29,"1200 Wien, Pappenheimgasse",126,5
Brigittenauer Lände 170-172,"1200 Wien, Brigittenauer Lände",314,1
Leystraße 19-21,"1200 Wien, Leystraße",375,3
Wehlistraße 32-38,"1200 Wien, Wehlistraße",117,6
Friedrich-Engels-Platz 17,"1200 Wien, Friedrich-Engels-Platz",111,4
Wehlistraße 40,"1200 Wien, Wehlistraße",27,1
Kapaunplatz 4-6,"1200 Wien, Kapaunplatz",285,4
Kapaunplatz 7,"1200 Wien, Kapaunplatz",819,5
Treustraße 62,"1200 Wien, Treustraße",19,2
Vorgartenstraße 83-85,"1200 Wien, Vorgartenstraße",70,4
Leystraße 119,"1200 Wien, Leystraße",51,1
Engerthstraße 82,"1200 Wien, Engerthstraße",221,8
Kluckygasse 11-13,"1200 Wien, Kluckygasse",31,1
Adalbert-Stifter-Straße 23-31,"1200 Wien, Adalbert-Stifter-Straße",402,17
Treustraße 61-69,"1200 Wien, Treustraße",272,6
Engerthstraße 132,"1200 Wien, Engerthstraße",20,0
Griegstraße 1-3,"1200 Wien, Griegstraße",219,5
Wallensteinstraße 68-72,"1200 Wien, Wallensteinstraße",174,15
Erna-Musik-Hof,"1200 Wien, Klosterneuburger Straße",196,7
Johann Böhm Wohnhausanlage,"1200 Wien, Brigittaplatz",437,7
Burghardtgasse 32-38,"1200 Wien, Burghardtgasse",75,1
Josef-Baldermann-Hof,"1200 Wien, Pasettistraße",172,2
Leystraße 38,"1200 Wien, Leystraße",17,0
Dresdner Straße 48-54,"1200 Wien, Dresdner Straße",155,9
Bäuerlegasse 31,"1200 Wien, Bäuerlegasse",61,2
Jägerstraße 89-95,"1200 Wien, Jägerstraße",542,7
Winarskystraße 1-3,"1200 Wien, Winarskystraße",48,2
Friedrich-Engels-Platz 21,"1200 Wien, Friedrich-Engels-Platz",154,13
Marchfeldstraße 16-18,"1200 Wien, Marchfeldstraße",173,11
Brigittenauer Lände 48,"1200 Wien, Brigittenauer Lände",59,0
Vorgartenstraße 31-35,"1200 Wien, Vorgartenstraße",116,1
Burghardtgasse 22,"1200 Wien, Burghardtgasse",18,0
Hartlgasse 28-30,"1200 Wien, Hartlgasse",160,1
Pappenheimgasse 10-16,"1200 Wien, Pappenheimgasse",137,4
Treustraße 58-60,"1200 Wien, Treustraße",58,1
Hartlgasse 40,"1200 Wien, Hartlgasse",13,1
Hellwagstraße 16a,"1200 Wien, Hellwagstraße",27,2
Mengergasse 66-70,"1210 Wien, Mengergasse",90,0
Leopoldauer Straße 79-81,"1210 Wien, Leopoldauer Straße",121,18
Schloßhofer Straße 42,"1210 Wien, Schloßhofer Straße",17,0
Pregartengasse 6-8,"1210 Wien, Pregartengasse",28,0
Kirchhoffgasse 6,"1210 Wien, Kirchhoffgasse",11,0
Kirchhoffgasse 3,"1210 Wien, Kirchhoffgasse",12,1
Brünner Straße 130-134,"1210 Wien, Brünner Straße",106,22
Justgasse 9-27,"1210 Wien, Justgasse",112,13
Mühlschüttelgasse 55-57,"1210 Wien, Mühlschüttelgasse",73,5
Berzeliusgasse 9-13,"1210 Wien, Berzeliusgasse",134,18
Margarethe-Trappl-Hof,"1210 Wien, Stammersdorfer Straße",25,3
Prager Straße 56-58,"1210 Wien, Prager Straße",64,6
Brünner Straße 108-110,"1210 Wien, Brünner Straße",98,5
Carrogasse 1-5,"1210 Wien, Carrogasse",167,12
Aistgasse 8-30,"1210 Wien, Aistgasse",380,9
Fultonstraße 5-11,"1210 Wien, Fultonstraße",134,16
Franklinstraße 20,"1210 Wien, Franklinstraße",241,16
Ringelseegasse 11-15,"1210 Wien, Ringelseegasse",113,7
Scheydgasse 3-15,"1210 Wien, Scheydgasse",34,6
Anton-Störck-Gasse 53-55,"1210 Wien, Anton-Störck-Gasse",53,4
Gebauergasse 10,"1210 Wien, Gebauergasse",23,0
Josef-Baumann-Gasse 65-67,"1210 Wien, Josef-Baumann-Gasse",49,6
Ruthnergasse 56-60,"1210 Wien, Ruthnergasse",553,15
Beethoven-Hof,"1210 Wien, O'Brien-Gasse",62,3
Donaufelder Straße 44,"1210 Wien, Donaufelder Straße",92,6
Werndlgasse 11-19,"1210 Wien, Werndlgasse",155,6
Schöpfleuthnergasse 8-16,"1210 Wien, Schöpfleuthnergasse",137,8
Bessemerstraße 10-16,"1210 Wien, Bessemerstraße",128,6
Werndlgasse 14-18,"1210 Wien, Werndlgasse",526,13
Frömmlgasse 30-32,"1210 Wien, Frömmlgasse",16,0
O'Brien-Gasse 25-27,"1210 Wien, O'Brien-Gasse",22,0
Scheffelstraße 24,"1210 Wien, Scheffelstraße",31,2
Jedleseer Straße 79-95,"1210 Wien, Jedleseer Straße",1246,83
Gmündstraße 1,"1210 Wien, Gmündstraße",193,11
Justgasse 6-14,"1210 Wien, Justgasse",148,9
Siemensstraße 21-55,"1210 Wien, Siemensstraße",1573,128
Ostmarkgasse 48,"1210 Wien, Ostmarkgasse",95,1
Leopoldauer Straße 107-113,"1210 Wien, Leopoldauer Straße",99,3
Stammersdorfer Straße 116-120,"1210 Wien, Stammersdorfer Straße",33,5
Gerichtsgasse 10,"1210 Wien, Gerichtsgasse",13,0
Morelligasse 1-3,"1210 Wien, Morelligasse",113,5
Kahlgasse 9-11,"1210 Wien, Kahlgasse",32,0
Donaufelder Straße 20,"1210 Wien, Donaufelder Straße",20,1
Kirchhoffgasse 13,"1210 Wien, Kirchhoffgasse",20,0
Josef-Flandorfer-Straße 75,"1210 Wien, Josef-Flandorfer-Straße",18,0
Schenkendorfgasse 49-53,"1210 Wien, Schenkendorfgasse",63,2
Voltagasse 55-63,"1210 Wien, Voltagasse",179,4
Wenhartgasse 20,"1210 Wien, Wenhartgasse",25,1
Franz-Jonas-Hof,"1210 Wien, Prager Straße",338,17
Brünner Straße 97-99,"1210 Wien, Brünner Straße",66,3
Amtsstraße 42,"1210 Wien, Amtsstraße",31,2
Rußbergstraße 24,"1210 Wien, Rußbergstraße",142,10
Roda-Roda-Gasse 4,"1210 Wien, Roda-Roda-Gasse",191,8
Roda-Roda-Gasse 6,"1210 Wien, Roda-Roda-Gasse",24,0
Frömmlgasse 2-4,"1210 Wien, Frömmlgasse",171,6
Roggegasse 44-46,"1210 Wien, Roggegasse",51,2
Ödenburger Straße 73-85,"1210 Wien, Ödenburger Straße",320,7
Nordmanngasse 14-16,"1210 Wien, Nordmanngasse",74,0
Frömmlgasse 1,"1210 Wien, Frömmlgasse",14,0
Edergasse 1-3,"1210 Wien, Edergasse",131,12
Berlagasse 1,"1210 Wien, Berlagasse",282,6
Franz-Petritsch-Hof,"1210 Wien, Jedleseer Straße",247,6
Justgasse 29,"1210 Wien, Justgasse",695,15
Mühlweg 43,"1210 Wien, Mühlweg",273,2
Rußbergstraße 11,"1210 Wien, Rußbergstraße",92,10
Mühlschüttelgasse 7-11,"1210 Wien, Mühlschüttelgasse",53,0
Theodor-Körner-Gasse 28,"1210 Wien, Theodor-Körner-Gasse",16,2
Donaufelder Straße 22,"1210 Wien, Donaufelder Straße",27,13
Rußbergstraße 94-100,"1210 Wien, Rußbergstraße",23,5
Pastorstraße 22,"1210 Wien, Pastorstraße",145,2
Oswald-Redlich-Straße 36,"1210 Wien, Oswald-Redlich-Straße",180,15
Brünner Straße 188,"1210 Wien, Brünner Straße",217,1
Otto-Felix-Kanitz-Hof,"1210 Wien, Kummergasse",189,6
Jedlersdorfer Straße 294,"1210 Wien, Jedlersdorfer Straße",70,8
Hanreitergasse 3,"1210 Wien, Hanreitergasse",289,6
Konstanziagasse 44,"1220 Wien, Konstanziagasse",122,10
Schüttaustraße 14,"1220 Wien, Schüttaustraße",0,0
Langobardenstraße 207,"1220 Wien, Langobardenstraße",16,1
Rudolf-Huber-Hof,"1220 Wien, Quadenstraße",743,5
Meißnergasse 4-6,"1220 Wien, Meißnergasse",123,4
Wagramer Straße 97-103,"1220 Wien, Wagramer Straße",349,14
Albert-Schultz-Hof,"1220 Wien, Erzherzog-Karl-Straße",185,29
Moissigasse 19,"1220 Wien, Moissigasse",209,19
Steigenteschgasse 11,"1220 Wien, Steigenteschgasse",15,5
Kraygasse 89,"1220 Wien, Kraygasse",27,1
Langobardenstraße 23-27,"1220 Wien, Langobardenstraße",219,7
Erzherzog-Karl-Straße 84-88,"1220 Wien, Erzherzog-Karl-Straße",98,7
Donaustadtstraße 44,"1220 Wien, Donaustadtstraße",85,1
Donaufelder Straße 208-214,"1220 Wien, Donaufelder Straße",102,1
Baschgasse 21,"1220 Wien, Baschgasse",12,1
Stallarngasse 34-40,"1220 Wien, Stallarngasse",24,3
Pirquetgasse 9,"1220 Wien, Pirquetgasse",308,0
Eßlinger Hauptstraße 76,"1220 Wien, Eßlinger Hauptstraße",79,5
Oberdorfstraße 4-8,"1220 Wien, Oberdorfstraße",75,6
Agavenweg 26,"1220 Wien, Agavenweg",23,2
Schüttaustraße 20-40,"1220 Wien, Schüttaustraße",414,16
Mendelssohngasse 2,"1220 Wien, Mendelssohngasse",37,2
Wimpffengasse 37-39,"1220 Wien, Wimpffengasse",59,0
Hirschstettner Straße 2-4,"1220 Wien, Hirschstettner Straße",45,2
Schüttaustraße 4-18,"1220 Wien, Schüttaustraße",246,25
Wagramer Straße 55-61,"1220 Wien, Wagramer Straße",231,17
Wagramer Straße 164-168,"1220 Wien, Wagramer Straße",82,3
Viktor-Kaplan-Straße 1-9,"1220 Wien, Viktor-Kaplan-Straße",127,0
Meißauergasse 2,"1220 Wien, Meißauergasse",117,2
Hirschstettner Straße 12-20,"1220 Wien, Hirschstettner Straße",332,8
Siebenbürgerstraße 2-12,"1220 Wien, Siebenbürgerstraße",855,10
Spargelfeldstraße 194-198,"1220 Wien, Spargelfeldstraße",35,3
Siebenbürgerstraße 28-48,"1220 Wien, Siebenbürgerstrasse",222,1
Rugierstraße 30-42,"1220 Wien, Rugierstrasse",126,1
Tietzestraße 2,"1220 Wien, Tietzestraße",523,6
Aribogasse 28,"1220 Wien, Aribogasse",470,6
Langobardenstraße 63a,"1220 Wien, Langobardenstraße",32,4
Rugierstraße 26,"1220 Wien, Rugierstraße",166,4
Hans-Steger-Gasse 13,"1220 Wien, Hans-Steger-Gasse",54,4
Anton-Sattler-Gasse 82-84,"1220 Wien, Anton-Sattler-Gasse",166,1
Pogrelzstraße 2,"1220 Wien, Pogrelzstraße",125,2
Mergenthalerplatz 1,"1220 Wien, Mergenthalerplatz",16,8
Steigenteschgasse 136-140,"1220 Wien, Steigenteschgasse",24,3
Karl-Grübl-Weg 39-41,"1220 Wien, Karl-Grübl-Weg",26,0
Wagramer Straße 95,"1220 Wien, Wagramer Straße",202,9
Polgarstraße 25,"1220 Wien, Polgarstraße",135,0
Franz-Karl-Effenberg-Hof,"1220 Wien, Ziegelhofstraße",480,14
Quadenstraße 65-67,"1220 Wien, Quadenstraße",376,7
Pirquetgasse 6,"1220 Wien, Pirquetgasse",72,2
Rennbahnweg 27,"1220 Wien, Rennbahnweg",2422,76
Wagramer Straße 162,"1220 Wien, Wagramer Straße",43,3
Melangasse 1-5,"1220 Wien, Melangasse",179,9
Am Heidjöchl 14,"1220 Wien, Am Heidjöchl",641,23
Pogrelzstraße 25,"1220 Wien, Pogrelzstraße",49,0
Markomannenstraße 27-31,"1220 Wien, Markomannenstraße",44,0
Langobardenstraße 128,"1220 Wien, Langobardenstraße",253,7
Jakob-Sommerbauer-Straße 3,"1230 Wien, Jakob-Sommerbauer-Straße",3,1
Leo-Mathauser-Gasse 73,"1230 Wien, Leo-Mathauser-Gasse",8,0
Levasseurgasse 5,"1230 Wien, Levasseurgasse",34,4
Anton-Freunschlag-Gasse 80,"1230 Wien, Anton-Freunschlag-Gasse",11,0
Hans-Werndl-Hof,"1230 Wien, Breitenfurter Straße",11,5
Brunner Straße 18,"1230 Wien, Brunner Straße",42,2
Carlbergergasse 43,"1230 Wien, Carlbergergasse",10,0
Ziedlergasse 5,"1230 Wien, Ziedlergasse",27,0
Klostermanngasse 13,"1230 Wien, Klostermanngasse",14,1
Canavesegasse 6-8,"1230 Wien, Canavesegasse",87,5
Erlaaer Straße 125-129,"1230 Wien, Erlaaer Straße",40,2
Erlaaer Straße 154-158,"1230 Wien, Erlaaer Straße",35,4
Färbermühlgasse 11,"1230 Wien, Färbermühlgasse",34,2
Kolbegasse 30-32,"1230 Wien, Kolbegasse",51,2
Karl-Krestan-Gasse 5,"1230 Wien, Karl-Krestan-Gasse",47,1
Triester Straße 205,"1230 Wien, Triester Straße",58,1
Dr.-Neumann-Gasse 8-10,"1230 Wien, Dr.-Neumann-Gasse",48,2
Elisenstraße 28-30,"1230 Wien, Elisenstraße",23,0
Färbermühlgasse 5,"1230 Wien, Färbermühlgasse",29,2
Rudolf-Zeller-Gasse 67,"1230 Wien, Rudolf-Zeller-Gasse",82,1
Haeckelstraße 4,"1230 Wien, Haeckelstraße",51,5
Elisenstraße 24-26,"1230 Wien, Elisenstraße",37,3
Seybelgasse 3a,"1230 Wien, Seybelgasse",65,1
Erlaaer Straße 123,"1230 Wien, Erlaaer Straße",42,3
Gregorygasse 47,"1230 Wien, Gregorygasse",221,0
Peterlinigasse 12-16,"1230 Wien, Peterlinigasse",148,6
Kanitzgasse 2-6,"1230 Wien, Kanitzgasse",48,3
Marktgemeindegasse 44-50,"1230 Wien, Marktgemeindegasse",87,15
Ziedlergasse 28,"1230 Wien, Ziedlergasse",156,0
Hochwassergasse 58,"1230 Wien, Hochwassergasse",79,6
Kaiser-Franz-Josef-Straße 23-25,"1230 Wien, Kaiser-Franz-Josef-Straße",33,0
Elisenstraße 110-116,"1230 Wien, Elisenstraße",132,0
Ketzergasse 42,"1230 Wien, Ketzergasse",38,6
Kaltenleutgebner Straße 1,"1230 Wien, Kaltenleutgebner Straße",23,2
Pülslgasse 10,"1230 Wien, Pülslgasse",25,0
Canavesegasse 9-15,"1230 Wien, Canavesegasse",72,1
Valentingasse 7,"1230 Wien, Valentingasse",59,4
Färbermühlgasse 9,"1230 Wien, Färbermühlgasse",14,1
Josef-Endlweber-Gasse 3-5,"1230 Wien, Josef-Endlweber-Gasse",28,3
Breitenfurter Straße 556,"1230 Wien, Breitenfurter Straße",30,3
Johann-Hörbiger-Gasse 24-28,"1230 Wien, Johann-Hörbiger-Gasse",184,12
Karl-Heinz-Straße 22a,"1230 Wien, Karl-Heinz-Straße",10,0
Maurer Hauptplatz 5,"1230 Wien, Maurer Hauptplatz",22,5
Breitenfurter Straße 477-485,"1230 Wien, Breitenfurter Straße",138,12
Arabellagasse 2-10,"1230 Wien, Arabellagasse",181,15
Maurer Hauptplatz 2,"1230 Wien, Maurer Hauptplatz",40,10
Gutheil-Schoder-Gasse 68-76,"1230 Wien, Gutheil-Schoder-Gasse",218,13
Rudolf-Zeller-Gasse 14a,"1230 Wien, Rudolf-Zeller-Gasse",16,0
Ketzergasse 101-103,"1230 Wien, Ketzergasse",40,5
Altmannsdorfer Straße 164-182,"1230 Wien, Altmannsdorfer Straße",1172,31
Gregorygasse 35-45,"1230 Wien, Gregorygasse",220,11
Hochwassergasse 60,"1230 Wien, Hochwassergasse",99,5
Rudolf-Zeller-Gasse 69,"1230 Wien, Rudolf-Zeller-Gasse",180,1
Breitenfurter Straße 299-303,"1230 Wien, Breitenfurter Straße",72,4
Erlaaer Straße 131-133,"1230 Wien, Erlaaer Straße",128,4
Ketzergasse 56,"1230 Wien, Ketzergasse",3,2
Erlaaer Straße 6-10,"1230 Wien, Erlaaer Straße",27,4
Höpflergasse 6,"1230 Wien, Höpflergasse",131,50
Ketzergasse 26,"1230 Wien, Ketzergasse",117,4
Gregorygasse 20-26,"1230 Wien, Gregorygasse",129,7
Färbermühlgasse 8,"1230 Wien, Färbermühlgasse",32,0
Karl-Schwed-Gasse 48-50,"1230 Wien, Karl-Schwed-Gasse",334,34
Färbermühlgasse 12-14,"1230 Wien, Färbermühlgasse",60,0
Erlaaer Straße 55-63,"1230 Wien, Erlaaer Straße",207,13
Färbermühlgasse 15,"1230 Wien, Färbermühlgasse",59,2
Pülslgasse 3,"1230 Wien, Pülslgasse",39,3
Dirmhirngasse 16-18,"1230 Wien, Dirmhirngasse",388,12
Breitenfurter Straße 338,"1230 Wien, Breitenfurter Straße",98,19
Khekgasse 41,"1230 Wien, Khekgasse",15,1
Khekgasse 45,"1230 Wien, Khekgasse",26,2
Brunner Straße 21,"1230 Wien, Brunner Straße",70,7
Wagenmanngasse 3,"1230 Wien, Wagenmanngasse",33,1
Breitenfurter Straße 360-368,"1230 Wien, Breitenfurter Straße",89,30
Breitenfurter Straße 519-521,"1230 Wien, Breitenfurter Straße",63,1
Breitenfurter Straße 555-557,"1230 Wien, Breitenfurter Straße",24,5
Rudolf-Zeller-Gasse 71,"1230 Wien, Rudolf-Zeller-Gasse",146,3
Mehlführergasse 26-28,"1230 Wien, Mehlführergasse",147,1
Amstergasse 1,"1230 Wien, Amstergasse",98,7
Breitenfurter Straße 291-297,"1230 Wien, Breitenfurter Straße",63,20
Ketzergasse 376-382,"1230 Wien, Ketzergasse",50,12
Ketzergasse 435-437,"1230 Wien, Ketzergasse",23,4
Meisgeyergasse 18,"1230 Wien, Meisgeyergasse",10,0
Keltengasse 4,"1230 Wien, Keltengasse",215,4
Erlaaer Straße 11-15,"1230 Wien, Erlaaer Straße",27,0
Knotzenbachgasse 39-45,"1230 Wien, Knotzenbachgasse",34,1
Karl-Tornay-Gasse 37-43,"1230 Wien, Karl-Tornay-Gasse",822,22
Josef-Österreicher-Gasse 20-22,"1230 Wien, Josef-Österreicher-Gasse",30,2
Johann-Gottek-Gasse 18,"1230 Wien, Johann-Gottek-Gasse",25,1
Maurer Hauptplatz 11,"1230 Wien, Maurer Hauptplatz",19,3
Pfarrgasse 61,"1230 Wien, Pfarrgasse",185,2
Mehlführergasse 22-24,"1230 Wien, Mehlführergasse",39,0
Kellerberggasse 55-57,"1230 Wien, Kellerberggasse",24,2
Rudolf-Zeller-Gasse 4-8,"1230 Wien, Rudolf-Zeller-Gasse",23,1
Breitenfurter Straße 401-413,"1230 Wien, Breitenfurter Straße",323,26
Pfarrgasse 34-44,"1230 Wien, Pfarrgasse",457,14
Kolbegasse 44,"1230 Wien, Kolbegasse",304,11
Oldenburggasse 13-27,"1230 Wien, Oldenburggasse",217,9
Traviatagasse 12-16,"1230 Wien, Traviatagasse",171,7
Weyprechtgasse 7,"1160 Wien, Weyprechtgasse",12,1
Gallgasse 71,"1130 Wien, Gallgasse",56,2
Gaßmannstraße 41,"1120 Wien, Gaßmannstraße",17,0
Leidesdorfgasse 1,"1190 Wien, Leidesdorfgasse",7,0
Margaretenstraße 108,"1050 Wien, Margaretenstraße",24,2
Grieshofgasse 12,"1120 Wien, Grieshofgasse",9,0
Polgarstraße 1-3,"1220 Wien, Polgarstraße",192,7
Koppstraße 11,"1160 Wien, Koppstraße",29,3
Franz-Glaser-Gasse 1-3,"1170 Wien, Franz-Glaser-Gasse",13,2
Rosa-Jochmann-Ring 3,"1110 Wien, Rosa-Jochmann-Ring",254,5
Rosa-Jochmann-Ring 1,"1110 Wien, Rosa-Jochmann-Ring",108,3
"Viehtriftgasse 9, 11, 12, 14","1210 Wien, Viehtriftgasse",250,3
Linzer Straße 386-390,"1140 Wien, Linzer Straße",24,3
Bachgasse 12,"1160 Wien, Bachgasse",18,1
Würffelgasse 6-8,"1150 Wien, Würffelgasse",24,2
Hanreitergasse 13,"1210 Wien, Hanreitergasse",159,1
Rosa-Jochmann-Ring 5,"1110 Wien, Rosa-Jochmann-Ring",542,40
Am Hofgartel 3-7,"1110 Wien, Am Hofgartel",275,6
Am Hofgartel 8-10,"1110 Wien, Am Hofgartel",182,3
Dr.-Eberle-Gasse 2-8,"1100 Wien, Dr.-Eberle-Gasse",107,0
Dernjacgasse 10,"1230 Wien, Dernjacgasse",45,3
Dernjacgasse 4,"1230 Wien, Dernjacgasse",47,2
Rudolf-Nurejew-Promenade 9,"1220 Wien, Rudolf-Nurejew-Promenade",0,0
Haslingergasse 35,"1170 Wien, Haslingergasse",17,2
Simmeringer Hauptstraße 108 A,"1110 Wien, Simmeringer Hauptstraße",16,6
Arndtstraße 74-76,"1120 Wien, Arndtstraße",27,2
Reithofferplatz 10,"1150 Wien, Reithofferplatz",16,1
Allerheiligengasse 5,"1200 Wien, Allerheiligengasse",40,1
Albertisgasse 3,"1210 Wien, Albertisgasse",26,2
Ferdinand-Käs-Gasse 3,"1210 Wien, Ferdinand-Käs-Gasse",164,2
Prandaugasse 3,"1220 Wien, Prandaugasse",149,5
Markgraf-Gerold-Gasse 18,"1220 Wien, Markgraf-Gerold-Gasse",80,1
Müllnermaisgasse 11,"1220 Wien, Müllnermaisgasse",89,2
Ketzergasse 312-314,"1230 Wien, Ketzergasse",18,0
Jedlersdorfer Straße 180,"1210 Wien, Jedlersdorfer Straße",58,0
Wankläckergasse 36,"1210 Wien, Wankläckergasse",46,0
Korbergasse 4-6,"1120 Wien, Korbergasse",17,1
Geiselbergstraße 54,"1110 Wien, Geiselbergstraße",8,1
Gerasdorfer Straße 332,"1210 Wien, Gerasdorfer Straße",19,3
Hahnemanngasse 3,"1210 Wien, Hahnemanngasse",47,0
Opfermanngasse 1,"1160 Wien, Opfermanngasse",20,2
Hartlebengasse 1-17,"1220 Wien, Hartlebengasse",1017,19
Rößlergasse 15,"1230 Wien, Rößlergasse",74,4
Otto-Probst-Straße 12,"1100 Wien, Otto-Probst-Straße",77,0
Otto-Probst-Platz 1,"1100 Wien, Otto-Probst-Platz",122,9
Schäffergasse 10,"1040 Wien, Schäffergasse",33,1
Geringergasse 22,"1110 Wien, Geringergasse",0,2
Geringergasse 27,"1110 Wien, Geringergasse",0,9
Sagedergasse 11,"1120 Wien, Sagedergasse",0,2
Emichgasse 4,"1220 Wien, Emichgasse",0,8
Siebenbürgerstraße 14,"1220 Wien, Siebenbürgerstraße",0,25
