Wohnungen in den 250 Zaehlbezirken in Wien - Registerzaehlung 2021 | Housing units in 250 sub-districts in Vienna - Census 2021;;;;;;;;;;;;;;;;;;;;;;;;;;;;;;;;;;;;;;;;;;;;;;;;;;;;;;;;;;;;;;;
NUTS1;NUTS2;NUTS3;DISTRICT_CODE;SUB_DISTRICT_CODE;WHG_TOTAL;WHG_WSA_0;WHG_WSA_1;WHG_NOC_0;WHG_NOC_1;WHG_NOC_2;WHG_NOC_3;WHG_NOC_4;WHG_RECHTSVERH_0;WHG_RECHTSVERH_1;WHG_RECHTSVERH_2;WHG_RECHTSVERH_3;WHG_RECHTSVERH_4;WHG_NOR_1;WHG_NOR_2;WHG_NOR_3;WHG_NOR_4;WHG_NTZFL_1;WHG_NTZFL_2;WHG_NTZFL_3;WHG_NTZFL_4;WHG_NTZFL_5;WHG_BEHEIZ_0;WHG_BEHEIZ_1;WHG_BAD_0;WHG_BAD_1;WHG_TOI_0;WHG_TOI_1;WHG_WSS_0;WHG_WSS_1;WHG_AUSST_1;WHG_AUSST_2;WHG_AUSST_3;WHG_AUSST_4;OBJ_TYP_1;OBJ_TYP_2;OBJ_TYP_3;OBJ_TYP_4;OBJ_TYP_5;OBJ_EIGENT_1;OBJ_EIGENT_2;OBJ_EIGENT_3;OBJ_EIGENT_4;OBJ_BAUP_1;OBJ_BAUP_2;OBJ_BAUP_3;OBJ_BAUP_4;OBJ_BAUP_5;OBJ_BAUP_6;OBJ_BAUP_7;OBJ_BAUP_8;OBJ_BAUP_9;OBJ_ANZWHG_1;OBJ_ANZWHG_2;OBJ_ANZWHG_3;OBJ_ANZWHG_4;OBJ_ANZWHG_5;OBJ_ANZWHG_6;REF_DATE
AT1;AT13;AT130;90100;90101;2686;592;2094;592;1138;561;369;26;592;31;110;1784;169;224;412;1682;368;321;432;833;654;446;94;2592;94;2592;1;2685;0;2686;2591;94;0;1;4;6;2068;14;594;1271;483;4;928;1863;253;266;204;20;35;26;0;19;25;32;235;680;930;784;20211031
AT1;AT13;AT130;90100;90102;945;198;747;198;354;213;164;16;198;10;39;644;54;37;97;582;229;83;100;200;235;327;31;914;31;914;0;945;0;945;914;31;0;0;3;2;683;0;257;559;33;4;349;660;150;90;25;0;6;4;1;9;7;6;77;299;327;229;20211031
AT1;AT13;AT130;90100;90103;1294;264;1030;264;491;296;228;15;264;14;88;839;89;66;109;840;279;86;96;305;365;442;34;1260;34;1260;0;1294;0;1294;1260;34;0;0;0;6;887;0;401;708;74;0;512;946;14;259;28;6;0;25;0;16;17;32;103;428;563;151;20211031
AT1;AT13;AT130;90100;90104;922;203;719;203;348;206;155;10;203;20;37;614;48;15;64;579;264;31;72;230;220;369;36;886;36;886;1;921;0;922;885;36;0;1;2;6;649;27;238;418;200;0;304;885;9;19;7;0;0;0;2;0;13;30;86;355;365;73;20211031
AT1;AT13;AT130;90100;90105;1302;230;1072;230;498;322;237;15;230;14;64;921;73;45;150;882;225;81;171;381;327;342;51;1251;51;1251;0;1302;0;1302;1251;51;0;0;3;8;1006;0;285;610;217;13;462;973;15;185;76;0;10;0;0;43;10;20;97;416;551;208;20211031
AT1;AT13;AT130;90100;90106;1808;441;1367;441;736;357;262;12;441;23;75;1177;92;136;299;1118;255;218;349;500;405;336;54;1754;54;1754;1;1807;0;1808;1753;54;0;1;2;4;1399;0;403;979;341;18;470;1036;166;376;78;14;42;7;0;89;15;20;150;519;559;545;20211031
AT1;AT13;AT130;90100;90107;1815;447;1368;447;723;383;246;16;447;18;137;1102;111;139;247;1136;293;216;247;534;423;395;46;1769;46;1769;0;1815;0;1815;1768;46;1;0;1;2;1237;21;554;985;337;11;482;1047;38;502;207;20;0;1;0;0;15;20;180;477;716;407;20211031
AT1;AT13;AT130;90200;90201;8637;678;7959;678;3587;1983;2257;132;678;14;910;6922;113;621;2438;5506;72;1009;2148;4052;1374;54;64;8573;64;8573;0;8637;0;8637;8573;64;0;0;7;2;8478;77;73;1648;2100;3479;1410;806;375;739;579;619;109;669;32;4709;10;4;11;25;1717;6870;20211031
AT1;AT13;AT130;90200;90202;6319;885;5434;885;2564;1508;1229;133;885;69;641;4343;381;590;1255;4292;182;1425;1664;2332;760;138;643;5676;643;5676;2;6317;0;6319;5674;643;0;2;9;2;6174;0;134;4632;784;224;679;4242;197;762;587;139;224;59;0;109;15;4;36;398;2824;3042;20211031
AT1;AT13;AT130;90200;90203;7702;1147;6555;1147;3281;1790;1383;101;1147;83;690;5469;313;510;1478;5312;402;1264;1849;2882;1499;208;576;7126;576;7126;0;7702;0;7702;7125;576;1;0;9;2;7439;59;193;4916;1045;745;996;4298;558;769;596;160;264;246;360;451;12;6;81;905;3866;2832;20211031
AT1;AT13;AT130;90200;90204;8150;1227;6923;1227;3214;1912;1592;205;1227;83;725;5659;456;500;1283;5905;462;1035;1805;3264;1569;477;595;7555;595;7555;1;8149;0;8150;7554;595;0;1;10;2;7903;28;207;5494;1450;439;767;4738;178;1161;1102;404;339;76;44;108;20;4;106;934;4084;3002;20211031
AT1;AT13;AT130;90200;90205;5288;671;4617;671;2239;1352;933;93;671;76;547;3712;282;360;803;3819;306;639;1202;2170;989;288;331;4957;331;4957;7;5281;0;5288;4954;327;0;7;5;0;4803;0;480;3623;903;259;503;2902;46;720;1013;299;213;50;0;45;14;6;85;682;2203;2298;20211031
AT1;AT13;AT130;90200;90206;5168;1212;3956;1212;1862;1166;884;44;1212;407;383;3002;164;720;969;3264;215;1056;1184;1815;839;274;195;4973;195;4973;7;5161;1;5167;4946;195;20;7;747;24;4186;72;139;2825;915;453;975;1492;242;1076;525;179;391;43;78;1142;777;26;46;243;1760;2316;20211031
AT1;AT13;AT130;90200;90207;7503;1173;6330;1173;3230;1723;1271;106;1173;73;459;5474;324;726;1660;4938;179;2098;2117;2485;710;93;706;6797;706;6797;1;7502;0;7503;6797;705;0;1;10;0;7445;0;48;5210;1319;211;763;4605;1057;557;771;217;1;20;106;169;15;0;0;175;2452;4861;20211031
AT1;AT13;AT130;90200;90208;2401;1240;1161;1240;478;373;300;10;1240;417;26;685;33;355;672;1324;50;618;584;923;241;35;46;2355;46;2355;12;2389;2;2399;2300;45;44;12;903;18;1410;2;68;1028;516;280;577;73;158;74;394;97;276;74;50;1205;912;20;4;61;422;982;20211031
AT1;AT13;AT130;90200;90209;7844;670;7174;670;3099;1938;1930;207;670;22;508;6469;175;671;1523;5516;134;1326;1993;3270;1206;49;276;7568;276;7568;0;7844;0;7844;7568;276;0;0;19;0;7803;5;17;2063;4423;911;447;1767;817;1121;1155;1439;313;203;128;901;21;2;13;80;1860;5868;20211031
AT1;AT13;AT130;90300;90301;6704;908;5796;908;2787;1737;1211;61;908;83;587;4863;263;499;1121;4634;450;1090;1301;2341;1494;478;539;6165;539;6165;22;6682;0;6704;6148;534;0;22;5;2;6558;4;135;4987;690;303;724;4989;342;354;409;178;251;22;33;126;12;6;70;819;3829;1968;20211031
AT1;AT13;AT130;90300;90302;5140;625;4515;625;2147;1361;956;51;625;68;447;3749;251;295;592;3708;545;473;810;1808;1423;626;279;4861;279;4861;0;5140;0;5140;4861;279;0;0;8;6;4862;18;246;3540;632;228;740;3354;272;302;357;520;204;21;0;110;8;16;100;876;2634;1506;20211031
AT1;AT13;AT130;90300;90303;3902;626;3276;626;1579;880;775;42;626;40;296;2777;163;234;691;2415;562;455;764;1194;842;647;145;3757;145;3757;0;3902;0;3902;3757;145;0;0;10;4;3675;1;212;1857;799;265;981;1836;509;750;204;173;33;1;33;363;22;16;99;561;1610;1594;20211031
AT1;AT13;AT130;90300;90304;6616;1031;5585;1031;2780;1588;1127;90;1031;51;840;4272;422;638;1283;4419;276;1501;1625;2384;869;237;558;6058;558;6058;0;6616;0;6616;6058;558;0;0;1;0;6475;4;136;5316;725;124;451;3121;495;1542;917;366;63;25;52;35;3;2;21;354;2497;3739;20211031
AT1;AT13;AT130;90300;90305;5124;754;4370;754;2110;1279;922;59;754;50;682;3438;200;400;906;3617;201;800;1127;2020;1038;139;272;4852;272;4852;0;5124;0;5124;4852;272;0;0;5;4;4946;0;169;3472;388;482;782;2494;86;231;502;414;281;482;52;582;9;8;47;538;2262;2260;20211031
AT1;AT13;AT130;90300;90306;9257;1154;8103;1154;4327;2210;1479;87;1154;74;618;7070;341;955;2369;5715;218;2499;2658;3016;932;152;512;8745;512;8745;4;9253;0;9257;8743;510;0;4;9;6;9050;2;190;4585;2910;891;871;4191;1642;1189;789;245;378;212;132;479;14;12;82;728;4431;3990;20211031
AT1;AT13;AT130;90300;90307;4620;789;3831;789;1934;1056;810;31;789;28;363;3232;208;529;1516;2537;38;1010;1623;1582;349;56;142;4478;142;4478;2;4618;0;4620;4476;142;0;2;13;0;4179;147;281;1064;1210;1081;1265;630;51;838;448;117;11;195;114;2216;24;2;6;79;723;3786;20211031
AT1;AT13;AT130;90300;90308;1141;128;1013;128;435;326;248;4;128;58;1;924;30;33;137;897;74;80;148;572;235;106;9;1132;9;1132;2;1139;1;1140;1123;9;7;2;131;2;969;37;2;148;894;98;1;337;9;93;327;13;209;10;4;139;133;2;0;20;484;502;20211031
AT1;AT13;AT130;90300;90309;5210;713;4497;713;2069;1323;1047;58;713;77;438;3794;188;259;750;3492;709;543;1004;1791;1107;765;261;4949;261;4949;1;5209;1;5209;4948;261;0;1;8;4;4976;14;208;3528;628;539;515;3125;164;486;347;175;318;91;262;242;13;10;82;619;2743;1743;20211031
AT1;AT13;AT130;90300;90310;5775;737;5038;737;2453;1428;1055;102;737;30;339;4505;164;580;1793;3318;84;1395;2012;1844;479;45;325;5450;325;5450;0;5775;0;5775;5449;325;1;0;1;0;5666;15;93;2308;2056;594;817;1727;1411;139;164;104;674;61;0;1495;5;2;9;144;1778;3837;20211031
AT1;AT13;AT130;90300;90311;2615;262;2353;262;1062;606;658;27;262;4;316;2000;33;262;773;1564;16;579;717;1020;288;11;28;2587;28;2587;0;2615;0;2615;2587;28;0;0;4;2;2604;0;5;665;1058;891;1;3;728;416;150;0;97;1;1;1219;6;2;3;40;1425;1139;20211031
AT1;AT13;AT130;90400;90401;1498;266;1232;266;634;330;251;17;266;17;92;1067;56;194;210;887;207;283;291;405;286;233;47;1451;47;1451;0;1498;0;1498;1451;47;0;0;2;2;1338;0;156;782;184;0;532;809;475;78;70;66;0;0;0;0;6;6;59;349;606;472;20211031
AT1;AT13;AT130;90400;90402;6347;855;5492;855;2714;1460;1256;62;855;85;634;4510;263;399;956;4324;668;880;1221;2081;1406;759;314;6033;314;6033;1;6346;1;6346;6032;314;0;1;13;10;6058;0;266;3994;802;360;1191;3574;371;848;509;177;212;100;228;328;18;20;144;874;2954;2337;20211031
AT1;AT13;AT130;90400;90403;7617;1224;6393;1224;3197;1801;1333;62;1224;96;794;5191;312;634;1110;5157;716;980;1540;2550;1716;831;421;7196;421;7196;1;7616;0;7617;7194;421;1;1;5;2;7190;109;311;5298;682;547;1090;4805;94;713;743;432;334;32;51;413;20;14;162;1291;3479;2651;20211031
AT1;AT13;AT130;90400;90404;4046;604;3442;604;1606;1003;792;41;604;28;471;2755;188;257;581;2918;290;507;799;1539;940;261;207;3839;207;3839;0;4046;0;4046;3839;207;0;0;2;2;4001;0;41;2778;975;0;293;1894;121;1141;597;109;155;7;20;2;5;2;12;330;2091;1606;20211031
AT1;AT13;AT130;90500;90501;7534;1143;6391;1143;3415;1806;1120;50;1143;106;760;5154;371;691;1494;4999;350;1434;1758;2839;1164;339;562;6972;562;6972;2;7532;0;7534;6971;561;0;2;18;10;7176;0;330;5022;655;686;1171;4391;325;221;747;673;561;262;94;260;29;18;187;882;3681;2737;20211031
AT1;AT13;AT130;90500;90502;11545;1494;10051;1494;5069;2667;2132;183;1494;76;842;8678;455;1324;2752;7220;249;3122;3449;3939;912;123;894;10651;894;10651;24;11521;0;11545;10640;880;1;24;6;2;11406;0;131;5745;4111;821;868;4268;2394;2685;853;427;240;291;84;303;13;8;23;326;5753;5422;20211031
AT1;AT13;AT130;90500;90503;10105;1591;8514;1591;4340;2330;1717;127;1591;132;978;6956;448;1256;2405;6170;274;2998;2702;3294;959;152;965;9140;965;9140;24;10081;0;10105;9127;954;0;24;5;4;9851;8;237;6966;1612;422;1105;5821;1032;633;630;768;232;175;115;699;6;10;127;1057;4831;4074;20211031
AT1;AT13;AT130;90500;90504;4146;700;3446;700;1748;999;673;26;700;55;347;2869;175;392;859;2705;190;858;1085;1455;609;139;282;3864;282;3864;0;4146;0;4146;3864;282;0;0;7;4;4070;3;62;2940;213;202;791;2856;117;153;196;147;204;151;68;254;10;6;61;363;1871;1835;20211031
AT1;AT13;AT130;90600;90601;4450;650;3800;650;1800;1166;794;40;650;73;260;3263;204;244;645;2965;596;494;773;1387;1119;677;311;4139;311;4139;4;4446;0;4450;4137;308;1;4;4;6;4076;0;364;3034;550;127;739;3548;121;79;220;112;186;61;25;98;15;16;125;799;2468;1027;20211031
AT1;AT13;AT130;90600;90602;6006;856;5150;856;2685;1472;933;60;856;82;543;4225;300;564;1388;3837;217;1158;1664;2147;866;171;373;5633;373;5633;1;6005;0;6006;5631;373;1;1;6;16;5760;29;195;4186;852;567;401;2623;538;642;490;555;449;137;0;572;15;20;64;456;2590;2861;20211031
AT1;AT13;AT130;90600;90603;8253;1193;7060;1193;3580;2052;1359;69;1193;98;908;5654;400;678;1535;5565;475;1291;1707;2994;1770;491;370;7883;370;7883;0;8253;0;8253;7882;370;1;0;7;6;7787;105;348;5891;770;705;887;4697;207;373;407;870;973;336;135;255;20;16;144;825;3557;3691;20211031
AT1;AT13;AT130;90700;90701;3380;442;2938;442;1498;848;562;30;442;59;181;2535;163;196;515;2356;313;373;671;1193;825;318;194;3186;194;3186;4;3376;0;3380;3182;194;0;4;4;20;3164;0;192;2156;322;78;824;2810;50;135;87;147;104;31;12;4;12;32;136;732;1747;721;20211031
AT1;AT13;AT130;90700;90702;1902;289;1613;289;833;434;336;10;289;29;131;1386;67;118;255;1354;175;206;307;731;405;253;56;1846;56;1846;0;1902;0;1902;1846;56;0;0;4;6;1709;0;183;1424;126;114;238;1393;41;3;68;0;40;112;18;227;14;12;136;437;955;348;20211031
AT1;AT13;AT130;90700;90703;3022;344;2678;344;1338;797;526;17;344;29;233;2306;110;183;618;1975;246;400;603;1066;637;316;108;2914;108;2914;0;3022;0;3022;2913;108;1;0;3;6;2719;0;294;1714;309;354;645;1671;144;148;236;78;174;28;0;543;7;12;94;495;1464;950;20211031
AT1;AT13;AT130;90700;90704;6094;772;5322;772;2764;1533;976;49;772;57;611;4352;302;503;980;4264;347;932;1158;2183;1487;334;260;5834;260;5834;1;6093;0;6094;5833;260;0;1;4;8;5651;125;306;4459;483;285;867;4126;186;51;209;294;637;133;125;333;12;16;98;627;2801;2540;20211031
AT1;AT13;AT130;90700;90705;5198;858;4340;858;2320;1195;786;39;858;66;550;3524;200;453;951;3534;260;994;1109;2061;814;220;354;4844;354;4844;0;5198;0;5198;4844;354;0;0;6;14;4939;5;234;3781;285;312;820;3682;232;186;183;215;284;143;81;192;13;16;101;744;2448;1876;20211031
AT1;AT13;AT130;90800;90801;2752;320;2432;320;1188;687;534;23;320;45;153;2089;145;184;413;1794;361;348;529;881;617;377;106;2646;106;2646;0;2752;0;2752;2646;106;0;0;0;4;2616;1;131;1686;440;142;484;2158;160;123;58;96;40;96;0;21;5;12;62;341;1571;761;20211031
AT1;AT13;AT130;90800;90802;6697;1072;5625;1072;2832;1605;1129;59;1072;140;626;4524;335;417;984;4544;752;777;1107;2301;1757;755;296;6401;296;6401;1;6696;0;6697;6351;296;49;1;13;20;6379;26;259;5091;425;204;977;5018;152;325;377;329;236;100;61;99;23;34;162;1298;3260;1920;20211031
AT1;AT13;AT130;90800;90803;4952;842;4110;842;2194;1116;766;34;842;48;505;3298;259;386;840;3458;268;741;1027;1896;1035;253;235;4717;235;4717;1;4951;0;4952;4716;235;0;1;3;6;4819;37;87;3709;310;106;827;3154;362;433;217;392;185;119;21;69;7;6;78;417;2407;2037;20211031
AT1;AT13;AT130;90900;90901;5957;823;5134;823;2776;1417;896;45;823;92;397;4397;248;591;1444;3688;234;1375;1567;2002;819;194;359;5598;359;5598;1;5956;0;5957;5597;359;0;1;5;12;5717;53;170;3282;1247;198;1230;3273;679;497;427;267;488;90;22;214;10;12;62;590;2451;2832;20211031
AT1;AT13;AT130;90900;90902;6535;879;5656;879;2818;1682;1116;40;879;81;491;4831;253;490;1105;4447;493;953;1378;2176;1511;517;439;6096;439;6096;6;6529;0;6535;6091;437;1;6;0;2;6311;37;185;4402;804;394;935;4846;605;274;109;103;245;199;36;118;3;6;71;591;3556;2308;20211031
AT1;AT13;AT130;90900;90903;3168;720;2448;720;1337;669;418;24;720;31;215;1992;210;611;608;1777;172;872;675;991;444;186;159;3009;159;3009;0;3168;0;3168;3009;159;0;0;8;2;3128;1;29;1772;578;355;463;1415;438;417;393;75;13;46;60;311;12;4;29;321;1506;1296;20211031
AT1;AT13;AT130;90900;90904;5970;1032;4938;1032;2614;1396;886;42;1032;85;464;4087;302;494;1212;3958;306;1072;1442;2163;1058;235;461;5509;461;5509;0;5970;0;5970;5509;461;0;0;1;4;5746;24;195;4606;471;156;737;4412;373;208;358;269;144;29;63;114;5;6;67;784;3034;2074;20211031
AT1;AT13;AT130;90900;90905;3126;412;2714;412;1210;802;664;38;412;48;277;2253;136;122;300;2187;517;220;357;990;860;699;175;2951;175;2951;0;3126;0;3126;2950;175;1;0;7;6;2810;4;299;1960;240;20;906;2570;136;214;43;1;48;45;3;66;14;10;88;611;1515;888;20211031
AT1;AT13;AT130;90900;90906;1129;174;955;174;410;288;246;11;174;25;128;734;68;58;124;744;203;89;100;302;365;273;102;1027;102;1027;6;1123;0;1129;1021;102;0;6;0;0;1022;0;107;661;166;0;302;949;6;40;0;0;38;0;0;96;6;4;35;270;565;249;20211031
AT1;AT13;AT130;91000;91001;5421;776;4645;776;1896;1213;1472;64;776;5;560;4036;44;219;2419;2767;16;591;1594;2436;747;53;28;5393;28;5393;0;5421;0;5421;5393;28;0;0;1;0;5243;55;122;967;494;2680;1280;121;1;17;17;1;0;0;0;5264;8;0;5;10;456;4942;20211031
AT1;AT13;AT130;91000;91002;10344;1144;9200;1144;4051;2405;2409;335;1144;87;845;7833;435;1590;2496;6092;166;3345;2675;3560;704;60;697;9647;697;9647;38;10306;0;10344;9624;682;0;38;18;8;10118;7;193;5149;3542;1080;573;2492;1625;2647;904;436;1385;387;64;404;23;14;57;728;4342;5180;20211031
AT1;AT13;AT130;91000;91003;4082;447;3635;447;1642;971;936;86;447;53;245;3196;141;498;846;2647;91;977;1264;1513;294;34;313;3769;313;3769;1;4081;0;4082;3766;313;2;1;31;2;3969;10;70;1700;1308;738;336;1138;39;1243;580;257;385;73;110;257;37;6;17;343;1717;1962;20211031
AT1;AT13;AT130;91000;91004;4875;761;4114;761;1754;1128;1111;121;761;112;369;3373;260;693;1178;2917;87;1381;1463;1597;386;48;390;4485;390;4485;18;4857;0;4875;4473;384;0;18;8;12;4483;12;360;3662;555;172;486;2439;333;539;625;277;177;37;41;407;18;26;83;690;2285;1773;20211031
AT1;AT13;AT130;91000;91005;9324;1257;8067;1257;3344;2156;2314;253;1257;123;1091;6532;321;1228;1806;5927;363;2330;2111;3701;1110;72;593;8731;593;8731;2;9322;0;9324;8729;592;1;2;21;20;9085;22;176;4982;963;2530;849;3377;714;520;328;1152;1250;566;802;615;28;24;90;731;3158;5293;20211031
AT1;AT13;AT130;91000;91006;6693;806;5887;806;2504;1580;1597;206;806;80;466;5064;277;1100;1661;3788;144;2154;1667;2322;500;50;658;6035;658;6035;35;6658;2;6691;6008;649;1;35;16;8;6478;15;176;4327;785;1096;485;3333;349;452;610;291;321;431;244;662;26;12;30;396;2169;4060;20211031
AT1;AT13;AT130;91000;91007;6925;663;6262;663;2799;1666;1658;139;663;20;1077;4882;283;660;1152;4920;193;1210;1772;3221;681;41;242;6683;242;6683;0;6925;0;6925;6683;242;0;0;6;10;6817;0;92;3331;897;2293;404;1027;306;758;2255;1049;368;415;200;547;12;16;8;153;2444;4292;20211031
AT1;AT13;AT130;91000;91008;5065;579;4486;579;1910;1233;1211;132;579;46;453;3791;196;632;1099;3260;74;1261;1307;1912;547;38;264;4801;264;4801;0;5065;0;5065;4801;264;0;0;1;4;5019;0;41;2878;605;1307;275;1616;664;243;987;598;237;137;104;479;5;6;6;145;1176;3727;20211031
AT1;AT13;AT130;91000;91009;2462;90;2372;90;987;642;680;63;90;4;46;2264;58;182;444;1791;45;436;679;985;340;22;43;2419;43;2419;0;2462;0;2462;2419;43;0;0;4;0;2442;1;15;194;1144;947;177;41;711;388;0;1;303;436;121;461;6;0;23;531;700;1202;20211031
AT1;AT13;AT130;91000;91010;9548;711;8837;711;4232;2247;2121;237;711;41;475;8089;232;1225;2185;6074;64;2601;2811;3500;605;31;247;9301;247;9301;0;9548;0;9548;9301;247;0;0;38;0;9372;0;138;1458;4849;2869;372;615;1871;2145;2792;562;569;111;26;857;44;6;0;180;5199;4119;20211031
AT1;AT13;AT130;91000;91011;4828;580;4248;580;1830;1194;1088;136;580;546;21;3590;91;559;906;3172;191;1257;786;1944;771;70;155;4673;155;4673;5;4823;0;4828;4650;154;19;5;924;28;3829;22;25;874;2822;1043;89;2;1492;36;1093;341;1349;228;31;256;941;28;11;148;1328;2372;20211031
AT1;AT13;AT130;91000;91012;1326;195;1131;195;408;333;377;13;195;7;165;959;0;182;172;831;141;160;220;584;352;10;0;1326;0;1326;0;1326;0;1326;1326;0;0;0;12;0;1178;0;136;73;0;729;524;0;0;1;135;5;3;29;849;304;15;0;0;0;50;1261;20211031
AT1;AT13;AT130;91000;91013;3220;438;2782;438;1416;843;490;33;438;249;25;2448;60;208;750;2200;62;592;1293;1165;145;25;124;3096;124;3096;4;3216;0;3220;3062;112;42;4;668;86;2421;0;45;458;1214;1545;3;1;491;690;1419;465;35;10;29;80;679;88;324;740;1022;367;20211031
AT1;AT13;AT130;91000;91014;2237;158;2079;158;923;651;470;35;158;40;1;2001;37;98;378;1726;35;312;1188;627;104;6;145;2092;145;2092;1;2236;0;2237;2086;142;8;1;708;44;1477;0;8;72;1657;508;0;1;1;1624;284;253;50;16;1;7;716;44;76;1033;368;0;20211031
AT1;AT13;AT130;91000;91015;4384;669;3715;669;1381;1084;1165;85;669;517;325;2838;35;199;913;2951;321;428;976;2334;567;79;71;4313;71;4313;17;4367;2;4382;4262;56;49;17;908;36;3412;6;22;1408;568;1644;764;59;122;119;561;189;85;147;1100;2002;924;38;23;84;698;2617;20211031
AT1;AT13;AT130;91000;91016;4219;634;3585;634;1528;1126;882;49;634;751;130;2638;66;348;825;2659;387;917;909;1312;760;321;174;4045;174;4045;15;4204;5;4214;4001;158;45;15;1791;84;2259;5;80;1302;1329;1516;72;2;1292;333;641;197;501;225;84;944;1819;92;51;325;911;1021;20211031
AT1;AT13;AT130;91000;91017;470;72;398;72;123;120;150;5;72;93;101;193;11;2;51;356;61;24;49;133;194;70;15;455;15;455;3;467;0;470;452;13;2;3;277;24;125;0;44;300;0;123;47;56;33;14;66;66;103;33;2;97;286;28;39;49;40;28;20211031
AT1;AT13;AT130;91000;91018;3280;354;2926;354;1147;874;880;25;354;340;715;1836;35;83;775;2201;221;164;764;1380;759;213;30;3250;30;3250;4;3276;0;3280;3247;28;1;4;506;76;2635;12;51;1239;281;926;834;106;88;186;69;125;28;1007;246;1425;545;84;133;363;655;1500;20211031
AT1;AT13;AT130;91000;91019;2138;414;1724;414;756;574;372;22;414;485;316;856;67;92;556;1246;244;450;377;599;490;222;88;2050;88;2050;15;2123;2;2136;2039;78;6;15;719;104;1241;0;74;1321;366;193;258;142;85;191;359;61;167;289;49;795;746;114;217;361;150;550;20211031
AT1;AT13;AT130;91000;91020;4742;156;4586;156;1923;1402;1114;147;156;12;2;4516;56;252;396;4046;48;430;555;3193;559;5;0;4742;0;4742;0;4742;0;4742;4742;0;0;0;0;0;4723;7;12;0;4724;0;18;0;0;0;2394;2339;0;0;0;9;1;2;4;376;1649;2710;20211031
AT1;AT13;AT130;91000;91021;3848;266;3582;266;1268;1181;1052;81;266;118;245;3184;35;166;628;2953;101;193;593;2303;733;26;3;3845;3;3845;3;3845;0;3848;3836;3;6;3;229;12;3569;2;36;710;2257;785;96;1;36;87;79;129;1341;1142;9;1024;232;14;76;1073;980;1473;20211031
AT1;AT13;AT130;91000;91022;4075;653;3422;653;1558;907;834;123;653;57;505;2589;271;398;884;2723;70;827;1113;1705;404;26;255;3820;255;3820;0;4075;0;4075;3820;252;3;0;2;0;3906;35;132;3095;25;653;302;1356;113;701;909;241;150;105;272;228;6;8;65;217;1456;2323;20211031
AT1;AT13;AT130;91000;91023;5845;565;5280;565;2328;1360;1439;153;565;48;319;4740;173;839;1356;3589;61;1517;1644;2223;435;26;276;5569;276;5569;7;5838;0;5845;5562;276;0;7;24;4;5610;174;33;1668;2139;1214;824;810;999;604;1221;63;14;321;807;1006;28;4;28;241;1754;3790;20211031
AT1;AT13;AT130;91100;91101;1528;180;1348;180;630;302;404;12;180;3;204;1141;0;48;365;1007;108;112;288;715;408;5;3;1525;3;1525;0;1528;0;1528;1525;3;0;0;11;0;1292;0;225;397;192;677;262;3;3;32;1;1;0;127;621;740;14;0;0;7;177;1330;20211031
AT1;AT13;AT130;91100;91102;9531;884;8647;884;3727;2334;2384;202;884;61;721;7602;263;896;2165;6345;125;1877;2553;3924;1101;76;359;9172;359;9172;38;9493;1;9530;9152;339;2;38;32;22;9262;41;174;2799;3265;2613;854;1290;1079;1392;1357;1103;411;85;167;2647;41;42;81;601;4664;4102;20211031
AT1;AT13;AT130;91100;91103;9713;1297;8416;1297;3743;2131;2319;223;1297;88;850;7134;344;1047;2427;5978;261;2423;2667;3551;998;74;480;9233;480;9233;0;9713;0;9713;9211;479;23;0;102;12;9466;0;133;4251;2877;1813;772;1791;1314;1725;1477;460;874;620;203;1249;110;20;61;603;4685;4234;20211031
AT1;AT13;AT130;91100;91104;2986;648;2338;648;1022;688;577;51;648;55;172;2018;93;321;757;1871;37;667;809;1247;251;12;125;2861;125;2861;6;2980;1;2985;2849;125;6;6;126;4;2814;0;42;737;751;965;533;370;16;856;306;395;488;24;2;529;133;4;14;58;771;2006;20211031
AT1;AT13;AT130;91100;91105;6532;429;6103;429;2623;1710;1668;102;429;277;319;5414;93;376;1401;4583;172;886;2048;2869;616;113;82;6450;82;6450;3;6529;1;6531;6443;81;5;3;460;64;5914;0;94;877;2873;2186;596;126;1122;866;1290;380;460;710;359;1219;475;64;243;1346;1909;2495;20211031
AT1;AT13;AT130;91100;91106;170;32;138;32;47;51;37;3;32;64;0;67;7;3;24;140;3;27;31;102;9;1;18;152;18;152;0;170;0;170;152;18;0;0;87;0;75;0;8;77;80;13;0;44;32;7;0;0;0;1;2;84;88;2;15;42;23;0;20211031
AT1;AT13;AT130;91100;91107;3642;511;3131;511;1271;968;817;75;511;462;163;2461;45;320;489;2734;99;529;902;1705;439;67;93;3549;93;3549;20;3622;2;3640;3522;85;15;20;832;48;2739;7;16;1176;1975;367;124;170;151;288;1828;223;116;285;85;496;843;50;35;152;1100;1462;20211031
AT1;AT13;AT130;91100;91108;572;95;477;95;191;173;113;0;95;110;108;253;6;48;58;444;22;72;69;291;133;7;8;564;8;564;6;566;0;572;548;6;12;6;270;0;287;3;12;183;21;360;8;2;37;63;18;17;21;382;8;24;277;0;0;18;73;204;20211031
AT1;AT13;AT130;91100;91109;1040;104;936;104;287;260;350;39;104;194;55;641;46;18;123;725;174;57;153;422;274;134;14;1026;14;1026;8;1032;0;1040;1020;10;2;8;291;40;680;0;29;493;35;484;28;115;38;49;34;95;180;217;200;112;315;42;58;72;323;230;20211031
AT1;AT13;AT130;91100;91110;12172;720;11452;720;4027;3322;3767;336;720;264;879;10156;153;550;1597;9606;419;824;2104;6607;2497;140;53;12119;53;12119;2;12170;0;12172;12117;51;2;2;535;80;11279;207;71;1766;4996;4848;562;100;60;65;702;3742;976;4303;199;2025;572;88;136;690;2272;8414;20211031
AT1;AT13;AT130;91100;91111;2525;447;2078;447;856;587;573;62;447;210;169;1645;54;236;546;1648;95;488;552;1046;353;86;114;2411;114;2411;9;2516;2;2523;2391;107;18;9;330;62;2058;4;71;727;1025;695;78;447;118;222;100;743;47;403;23;422;341;74;41;293;839;937;20211031
AT1;AT13;AT130;91100;91112;199;47;152;47;45;54;45;8;47;67;18;58;9;6;25;132;36;10;27;66;63;33;19;180;19;180;4;195;0;199;177;17;1;4;94;30;65;0;10;146;9;44;0;14;26;25;21;15;17;5;1;75;100;30;22;36;11;0;20211031
AT1;AT13;AT130;91100;91113;2735;278;2457;278;1119;784;526;28;278;337;158;1885;77;221;425;1946;143;408;477;1310;426;114;49;2686;49;2686;2;2733;0;2735;2677;42;14;2;454;30;2227;0;24;945;50;1558;182;105;80;91;469;263;771;356;136;464;466;32;3;320;689;1225;20211031
AT1;AT13;AT130;91200;91201;2850;458;2392;458;1153;725;465;49;458;39;300;1923;130;235;829;1747;39;526;918;1106;275;25;98;2752;98;2752;4;2846;1;2849;2749;97;0;4;10;4;2719;1;116;1623;402;346;479;926;101;290;551;174;84;13;66;645;22;16;75;313;1453;971;20211031
AT1;AT13;AT130;91200;91202;9620;1047;8573;1047;4169;2286;1928;190;1047;77;682;7427;387;1070;2293;6061;196;2811;2900;2864;987;58;576;9044;576;9044;0;9620;0;9620;9043;576;1;0;6;8;9513;6;87;4317;3547;1358;398;2661;3305;1018;397;656;549;534;339;161;14;8;59;468;4780;4291;20211031
AT1;AT13;AT130;91200;91203;2694;266;2428;266;1292;518;563;55;266;7;2;2343;76;382;906;1385;21;1083;965;596;44;6;75;2619;75;2619;0;2694;0;2694;2619;75;0;0;6;8;2655;0;25;5;2588;0;101;1;1336;1253;0;1;0;1;102;0;7;8;9;412;1569;689;20211031
AT1;AT13;AT130;91200;91204;5540;891;4649;891;2201;1292;1038;118;891;104;659;3555;331;624;1449;3319;148;1382;1553;2010;519;76;289;5251;289;5251;10;5530;0;5540;5242;288;0;10;27;36;5220;1;256;3729;636;685;490;1747;178;1060;743;300;485;217;95;715;41;58;190;802;2917;1532;20211031
AT1;AT13;AT130;91200;91205;5124;781;4343;781;2101;1243;917;82;781;45;527;3564;207;585;1013;3397;129;1160;1365;1975;549;75;267;4857;267;4857;12;5112;0;5124;4848;264;0;12;7;8;4881;0;228;2863;732;895;634;1912;329;554;1109;271;583;43;100;223;17;18;88;630;2228;2143;20211031
AT1;AT13;AT130;91200;91206;6005;936;5069;936;2447;1441;1113;68;936;98;783;3924;264;760;1228;3802;215;1474;1282;2235;856;158;374;5631;374;5631;3;6002;0;6005;5628;374;0;3;16;16;5778;39;156;4545;181;572;707;3443;247;180;420;588;161;142;35;789;26;24;138;779;2727;2311;20211031
AT1;AT13;AT130;91200;91207;3811;526;3285;526;1593;935;690;67;526;73;247;2858;107;338;649;2726;98;846;1320;1209;385;51;86;3725;86;3725;4;3807;1;3810;3715;84;8;4;73;64;3509;83;82;906;2014;838;53;170;1168;1515;501;173;95;59;7;123;76;66;372;1154;1645;498;20211031
AT1;AT13;AT130;91200;91208;3002;516;2486;516;1169;672;608;37;516;217;109;2040;120;451;644;1840;67;876;652;1177;269;28;165;2837;165;2837;8;2994;0;3002;2814;161;19;8;378;12;2511;1;100;1619;356;528;499;910;385;189;538;144;124;327;28;357;390;12;13;247;1235;1105;20211031
AT1;AT13;AT130;91200;91209;3387;271;3116;271;1163;674;1058;221;271;261;17;2788;50;328;615;2237;207;874;288;1624;501;100;21;3366;21;3366;5;3382;0;3387;3343;20;19;5;411;38;2928;0;10;458;2908;9;12;0;55;859;532;1171;624;40;21;85;419;40;82;587;729;1530;20211031
AT1;AT13;AT130;91200;91210;5900;813;5087;813;2091;1440;1492;64;813;330;560;4074;123;398;1004;4212;286;877;1324;2576;980;143;130;5770;130;5770;35;5865;0;5900;5672;123;70;35;895;88;4761;25;131;1894;979;2451;576;334;438;698;1042;140;389;256;578;2025;930;108;160;792;1369;2541;20211031
AT1;AT13;AT130;91200;91211;6244;994;5250;994;2313;1559;1295;83;994;288;833;3941;188;430;1053;4349;412;689;1303;2830;1152;270;148;6096;148;6096;13;6231;0;6244;6077;148;6;13;801;144;5134;46;119;2883;1096;1682;583;1058;865;781;665;504;651;563;158;999;840;154;443;1922;1710;1175;20211031
AT1;AT13;AT130;91300;91301;327;71;256;71;93;99;61;3;71;1;51;191;13;23;26;239;39;27;31;124;92;53;9;318;9;318;1;326;0;327;317;9;0;1;7;6;301;0;13;103;216;8;0;161;71;28;26;16;0;1;0;24;11;12;102;154;48;0;20211031
AT1;AT13;AT130;91300;91302;3776;734;3042;734;1348;781;862;51;734;379;655;1817;191;225;354;2328;869;340;476;1036;943;981;83;3693;83;3693;2;3774;0;3776;3690;83;1;2;241;206;3098;8;223;3153;238;144;241;1457;349;482;643;331;232;71;52;159;307;242;700;1520;871;136;20211031
AT1;AT13;AT130;91300;91303;5790;1031;4759;1031;2337;1333;1042;47;1031;137;978;3407;237;427;867;4139;357;752;1175;2341;1212;310;129;5661;129;5661;4;5786;0;5790;5657;127;2;4;96;58;5496;34;106;3519;559;771;941;1118;297;1307;901;523;816;292;98;438;110;70;321;1818;2367;1104;20211031
AT1;AT13;AT130;91300;91304;6318;1313;5005;1313;2238;1415;1292;60;1313;660;1214;2867;264;434;804;4207;873;780;1099;2070;1437;932;136;6182;136;6182;6;6312;0;6318;6128;128;56;6;830;258;5008;55;167;4522;424;908;464;1217;434;1267;1037;839;667;274;67;516;906;280;771;2187;1691;483;20211031
AT1;AT13;AT130;91300;91305;2951;795;2156;795;891;615;625;25;795;600;434;1033;89;269;330;1844;508;416;570;886;553;526;55;2896;55;2896;29;2922;1;2950;2831;55;36;29;1079;144;1694;5;29;2117;409;332;93;171;471;797;518;307;176;102;80;329;1104;144;292;853;499;59;20211031
AT1;AT13;AT130;91300;91306;1692;305;1387;305;677;375;321;14;305;204;349;767;67;79;236;1135;242;169;277;651;374;221;31;1661;31;1661;3;1689;1;1691;1659;30;0;3;203;82;1374;0;33;1175;24;351;142;221;136;123;239;290;185;199;86;213;215;94;137;525;610;111;20211031
AT1;AT13;AT130;91300;91307;1859;275;1584;275;718;421;408;37;275;204;143;1179;58;114;209;1349;187;172;424;800;293;170;45;1814;45;1814;0;1859;0;1859;1813;45;1;0;242;74;1511;0;32;792;665;281;121;190;124;528;713;53;26;28;15;182;253;76;60;1059;389;22;20211031
AT1;AT13;AT130;91300;91308;4270;817;3453;817;1636;1014;755;48;817;421;739;2155;138;401;614;2834;421;645;867;1542;796;420;68;4202;68;4202;3;4267;0;4270;4195;66;6;3;575;124;3321;52;198;2288;887;625;470;578;301;753;641;953;270;286;114;374;614;140;442;1270;1293;511;20211031
AT1;AT13;AT130;91300;91309;2609;424;2185;424;1006;684;473;22;424;69;68;1990;58;314;421;1719;155;566;751;942;282;68;88;2521;88;2521;2;2607;0;2609;2500;84;23;2;921;58;1487;98;45;385;1731;300;193;23;1367;575;330;38;104;22;3;147;941;58;225;908;380;97;20211031
AT1;AT13;AT130;91300;91310;265;142;123;142;43;41;35;4;142;25;39;35;24;23;81;153;8;107;36;81;31;10;5;260;5;260;1;264;0;265;259;5;0;1;139;4;120;0;2;141;42;0;82;22;5;61;23;2;27;8;0;117;141;4;31;7;82;0;20211031
AT1;AT13;AT130;91300;91311;2354;517;1837;517;601;638;565;33;517;1465;137;166;69;83;70;1343;858;98;158;476;747;875;67;2287;67;2287;9;2345;0;2354;2258;61;26;9;1798;296;196;1;63;2249;3;45;57;19;682;272;352;329;235;156;76;233;1851;300;121;42;40;0;20211031
AT1;AT13;AT130;91400;91401;5286;1271;4015;1271;2014;1124;826;51;1271;100;885;2863;167;742;1131;3130;283;1346;1159;1997;664;120;227;5059;227;5059;27;5259;0;5286;5035;224;0;27;78;14;5098;0;96;3100;362;893;931;1896;196;295;379;443;341;139;316;1281;91;26;121;651;1907;2490;20211031
AT1;AT13;AT130;91400;91402;5210;718;4492;718;2273;1154;985;80;718;81;298;3936;177;843;1288;2928;151;1862;1370;1503;410;65;500;4710;500;4710;1;5209;0;5210;4709;500;0;1;11;8;5073;0;118;3478;1029;418;285;3197;857;152;60;123;227;138;220;236;15;16;52;296;2599;2232;20211031
AT1;AT13;AT130;91400;91403;5486;789;4697;789;2291;1270;1070;66;789;182;767;3470;278;505;879;3702;400;1085;992;1882;1149;378;270;5216;270;5216;5;5481;0;5486;5212;267;2;5;48;72;5186;2;178;3566;1093;497;330;2086;1197;457;579;585;200;147;38;197;61;96;385;1629;2490;825;20211031
AT1;AT13;AT130;91400;91404;11912;1227;10685;1227;5138;3017;2381;149;1227;77;1233;9037;338;1407;2482;7783;240;2975;2974;4608;1253;102;606;11306;606;11306;2;11910;0;11912;11304;606;0;2;55;10;11638;0;209;4896;2911;2462;1643;3303;1338;1264;1128;976;1533;966;176;1228;66;16;73;676;5412;5669;20211031
AT1;AT13;AT130;91400;91405;3067;737;2330;737;996;748;565;21;737;583;186;1463;98;314;480;2047;226;738;443;1266;445;175;86;2981;86;2981;22;3045;4;3063;2919;76;50;22;1640;64;1305;21;37;1290;895;619;263;154;1405;137;162;201;192;59;164;593;1663;70;43;264;554;473;20211031
AT1;AT13;AT130;91400;91406;6986;833;6153;833;3048;1735;1287;83;833;145;963;4809;236;724;1206;4779;277;1396;1652;2800;983;155;356;6630;356;6630;4;6982;0;6986;6627;353;2;4;86;68;6697;1;134;3524;1117;1817;528;1707;303;548;1288;933;948;730;52;477;97;84;200;928;3446;2231;20211031
AT1;AT13;AT130;91400;91407;1542;96;1446;96;672;362;377;35;96;1;2;1404;39;168;398;944;32;305;868;341;22;6;75;1467;75;1467;0;1542;0;1542;1467;75;0;0;1;0;1525;0;16;1;1541;0;0;0;0;1541;1;0;0;0;0;0;1;0;48;533;960;0;20211031
AT1;AT13;AT130;91400;91408;2425;419;2006;419;843;578;535;50;419;396;210;1333;67;196;271;1686;272;314;525;916;463;207;70;2355;70;2355;7;2418;0;2425;2337;69;12;7;665;74;1629;0;57;1141;671;437;176;195;147;690;564;282;164;45;75;263;687;78;230;903;445;82;20211031
AT1;AT13;AT130;91400;91409;174;77;97;77;48;26;23;0;77;0;0;97;0;30;46;97;1;33;35;76;29;1;0;174;0;174;0;174;0;174;174;0;0;0;5;0;148;11;10;8;3;148;15;2;0;1;0;0;0;11;0;160;8;0;7;0;92;67;20211031
AT1;AT13;AT130;91400;91410;5195;1011;4184;1011;1872;1204;1055;53;1011;517;757;2753;157;518;864;3465;348;881;948;1934;1144;288;174;5021;174;5021;30;5165;1;5194;4938;159;68;30;1016;84;4018;0;77;3023;824;925;423;807;462;562;856;900;517;223;92;776;1043;98;223;1566;1643;622;20211031
AT1;AT13;AT130;91400;91411;4272;1363;2909;1363;971;967;915;56;1363;2280;235;283;111;370;377;2500;1025;595;324;1050;1246;1057;288;3984;288;3984;61;4211;2;4270;3841;246;124;61;3407;408;366;3;88;4087;36;105;44;61;973;735;586;494;456;283;112;572;3483;414;234;114;27;0;20211031
AT1;AT13;AT130;91400;91412;3722;783;2939;783;1049;904;933;53;783;777;873;1198;91;134;428;2519;641;249;471;1180;1229;593;215;3507;215;3507;20;3702;4;3718;3484;187;31;20;1348;224;2018;2;130;2749;218;430;325;565;202;211;471;526;618;371;86;672;1411;256;395;909;477;274;20211031
AT1;AT13;AT130;91500;91501;6192;594;5598;594;2879;1534;1096;89;594;48;416;4890;244;739;1491;3713;249;1808;1715;2162;438;69;354;5838;354;5838;2;6190;0;6192;5838;352;0;2;7;2;5918;0;265;2938;1830;749;675;2097;1583;861;444;504;124;334;223;22;10;18;40;390;3173;2561;20211031
AT1;AT13;AT130;91500;91502;5941;785;5156;785;2554;1409;1099;94;785;110;347;4390;309;889;1513;3362;177;1982;1564;1738;552;105;523;5418;523;5418;26;5915;0;5941;5403;512;0;26;6;4;5566;21;344;4530;498;331;582;4508;251;13;119;190;181;204;21;454;15;10;76;692;2610;2538;20211031
AT1;AT13;AT130;91500;91503;6784;930;5854;930;2677;1579;1467;131;930;119;473;4960;302;667;1587;4309;221;1615;1698;2558;764;149;523;6261;523;6261;32;6752;0;6784;6247;505;0;32;17;24;6475;5;263;4864;711;389;820;4285;437;150;257;501;323;102;100;629;28;38;183;895;3323;2317;20211031
AT1;AT13;AT130;91500;91504;4757;628;4129;628;1988;1153;919;69;628;48;332;3552;197;643;1411;2593;110;1535;1255;1468;424;75;377;4380;377;4380;0;4757;0;4757;4380;377;0;0;7;2;4495;50;203;2662;826;325;944;2617;290;74;163;413;197;108;0;895;13;2;69;433;2395;1845;20211031
AT1;AT13;AT130;91500;91505;6008;741;5267;741;2386;1460;1293;128;741;105;483;4369;310;649;1162;4012;185;1358;1556;2290;712;92;365;5643;365;5643;39;5969;0;6008;5617;352;0;39;15;12;5768;26;187;3900;1406;381;321;2759;250;365;941;909;426;41;79;238;28;22;168;901;3206;1683;20211031
AT1;AT13;AT130;91500;91506;8510;1219;7291;1219;3620;1964;1593;114;1219;108;578;6227;378;1400;2025;4895;190;2809;2362;2698;541;100;872;7638;872;7638;4;8506;0;8510;7634;872;0;4;49;4;8296;11;150;6098;1038;637;737;5132;424;704;249;695;417;357;12;520;53;10;111;753;3896;3687;20211031
AT1;AT13;AT130;91500;91507;4953;628;4325;628;2267;1187;825;46;628;144;131;3879;171;582;1101;3165;105;1460;1589;1458;403;43;246;4707;246;4707;1;4952;0;4953;4706;246;0;1;132;8;4534;138;141;1779;2316;660;198;1422;1809;445;455;294;216;195;35;82;133;8;44;648;2384;1736;20211031
AT1;AT13;AT130;91600;91601;8370;1215;7155;1215;3480;2016;1503;156;1215;163;961;5562;469;1080;1978;5101;211;2324;2301;2883;747;115;650;7720;650;7720;67;8303;0;8370;7679;624;0;67;19;16;7943;0;392;6785;472;644;469;4724;276;791;935;750;342;159;9;384;25;28;229;1560;4450;2078;20211031
AT1;AT13;AT130;91600;91602;4593;638;3955;638;1897;1047;920;91;638;114;335;3271;235;923;952;2578;140;1693;1144;1319;364;73;588;4005;588;4005;63;4530;0;4593;3953;577;0;63;11;8;4345;9;220;3604;242;223;524;3593;90;139;204;157;187;67;33;123;16;10;72;736;2410;1349;20211031
AT1;AT13;AT130;91600;91603;7277;829;6448;829;3135;1740;1454;119;829;41;400;5500;507;1102;1589;4503;83;2018;2340;2469;405;45;281;6996;281;6996;0;7277;0;7277;6996;281;0;0;6;12;6859;319;81;1668;3856;1359;394;1571;1500;1950;692;633;173;410;45;303;12;14;26;387;4390;2448;20211031
AT1;AT13;AT130;91600;91604;4771;518;4253;518;2071;1139;962;81;518;77;514;3463;199;622;885;3122;142;1127;1144;1908;526;66;283;4488;283;4488;22;4749;0;4771;4471;278;0;22;17;8;4660;0;86;2890;619;925;337;1874;72;333;744;517;694;148;216;173;24;14;96;549;2592;1496;20211031
AT1;AT13;AT130;91600;91605;9466;1245;8221;1245;4060;2243;1778;140;1245;191;1006;6570;454;1428;2136;5672;230;2824;2461;3176;895;110;705;8761;705;8761;20;9446;0;9466;8750;696;0;20;28;32;9029;1;376;6064;767;1656;979;4655;685;490;528;953;628;331;367;829;37;54;221;916;3878;4360;20211031
AT1;AT13;AT130;91600;91606;5712;553;5159;553;2503;1342;1189;125;553;95;530;4372;162;611;1392;3504;205;1703;1186;1963;756;104;249;5463;249;5463;0;5712;0;5712;5463;249;0;0;37;22;5549;2;102;2133;2914;284;381;1317;1791;164;1083;90;726;215;127;199;46;30;114;992;3142;1388;20211031
AT1;AT13;AT130;91600;91607;6785;730;6055;730;2901;1657;1391;106;730;61;535;5286;173;764;1743;4120;158;1701;1783;2404;851;46;393;6392;393;6392;1;6784;0;6785;6391;393;0;1;20;14;6666;0;85;2973;1297;1674;841;2368;399;1041;384;811;227;218;219;1118;24;18;48;524;3114;3057;20211031
AT1;AT13;AT130;91600;91608;2617;815;1802;815;893;536;349;24;815;557;50;1155;40;456;376;1652;133;796;611;808;292;110;45;2572;45;2572;23;2594;4;2613;2495;35;64;23;1302;54;1235;0;26;1188;715;523;191;37;553;453;694;283;142;187;47;221;1317;56;30;284;397;533;20211031
AT1;AT13;AT130;91600;91609;3456;777;2679;777;1148;828;674;29;777;622;598;1345;114;264;370;2416;406;433;533;1216;780;494;58;3398;58;3398;8;3448;0;3456;3370;53;25;8;933;158;2321;0;44;2026;45;1249;136;228;271;533;844;233;379;362;125;481;964;164;584;1075;577;92;20211031
AT1;AT13;AT130;91600;91610;6000;972;5028;972;2388;1392;1139;109;972;104;282;4369;273;1416;1369;3082;133;2733;1429;1468;308;62;818;5182;818;5182;63;5937;0;6000;5136;801;0;63;3;8;5805;5;179;4615;712;180;493;4692;666;194;0;249;108;49;0;42;8;18;114;770;2805;2285;20211031
AT1;AT13;AT130;91700;91701;6820;1126;5694;1126;2826;1590;1206;72;1126;192;598;4628;276;1021;1492;4008;299;2127;1604;2182;779;128;666;6154;666;6154;42;6778;0;6820;6121;657;0;42;24;34;6552;15;195;5159;253;804;604;4166;158;399;258;616;467;100;173;483;39;46;288;1101;3081;2265;20211031
AT1;AT13;AT130;91700;91702;8642;1359;7283;1359;3469;1980;1672;162;1359;177;768;5956;382;1052;1912;5369;309;2182;2271;3132;872;185;630;8012;630;8012;32;8610;0;8642;7993;615;2;32;18;40;8267;15;302;6469;1135;412;626;4190;516;858;734;895;701;163;95;490;33;60;331;1385;4711;2122;20211031
AT1;AT13;AT130;91700;91703;10125;1380;8745;1380;4222;2402;1979;142;1380;165;974;7231;375;1319;2059;6373;374;2810;2593;3561;1027;134;751;9374;751;9374;37;10088;1;10124;9354;734;0;37;14;18;9720;3;370;5750;1927;1258;1190;4624;1397;688;822;801;870;270;363;290;27;42;245;1415;5098;3298;20211031
AT1;AT13;AT130;91700;91704;2501;755;1746;755;696;546;477;27;755;570;241;883;52;365;320;1494;322;485;342;862;492;320;68;2433;68;2433;35;2466;2;2499;2365;56;45;35;1023;92;1268;85;33;1756;444;107;194;160;323;270;328;188;494;229;103;406;1045;94;290;317;398;357;20211031
AT1;AT13;AT130;91700;91705;3964;961;3003;961;1187;920;840;56;961;746;547;1608;102;379;478;2562;545;630;704;1253;861;516;161;3803;161;3803;38;3926;1;3963;3694;136;96;38;1490;140;2239;0;95;2648;750;415;151;408;493;802;760;412;357;243;162;327;1520;150;330;962;858;144;20211031
AT1;AT13;AT130;91700;91706;1581;401;1180;401;486;346;329;19;401;368;267;503;42;202;239;921;219;337;239;375;395;235;77;1504;77;1504;20;1561;1;1580;1458;67;36;20;658;40;844;4;35;1199;207;81;94;127;148;385;175;289;172;89;16;180;681;42;85;439;260;74;20211031
AT1;AT13;AT130;91800;91801;1270;250;1020;250;437;251;309;23;250;133;287;523;77;29;88;869;284;49;121;366;374;360;22;1248;22;1248;2;1268;0;1270;1246;22;0;2;71;94;1073;0;32;1186;34;0;50;476;61;266;218;114;85;36;10;4;82;102;322;405;359;0;20211031
AT1;AT13;AT130;91800;91802;8529;1339;7190;1339;3520;1963;1642;65;1339;223;929;5622;416;587;1332;5875;735;1378;1645;2994;1942;570;576;7953;576;7953;2;8527;0;8529;7951;574;2;2;21;22;8185;37;264;6573;901;213;842;6014;717;363;562;393;184;35;100;161;32;26;332;1713;4652;1774;20211031
AT1;AT13;AT130;91800;91803;9734;1645;8089;1645;4191;2185;1621;92;1645;217;925;6457;490;1225;2028;6091;390;2539;2614;3244;1076;261;742;8992;742;8992;24;9710;0;9734;8969;740;1;24;19;22;9375;19;299;7087;1202;378;1067;5662;919;754;534;633;413;149;233;437;34;36;413;1914;5553;1784;20211031
AT1;AT13;AT130;91800;91804;6080;1021;5059;1021;2611;1314;1082;52;1021;348;778;3689;244;461;1069;4049;501;1092;1327;2047;1169;445;238;5842;238;5842;10;6070;0;6080;5831;236;3;10;137;158;5668;3;114;3916;1226;506;432;2550;878;978;495;395;195;205;86;298;163;176;645;2128;2486;482;20211031
AT1;AT13;AT130;91800;91805;5533;1219;4314;1219;1734;1201;1306;73;1219;743;1109;2226;236;291;597;3680;965;568;670;1782;1433;1080;112;5421;112;5421;26;5507;1;5532;5376;104;27;26;1095;192;4135;20;91;3919;490;428;696;827;553;794;983;779;494;342;98;663;1146;202;763;1877;1190;355;20211031
AT1;AT13;AT130;91900;91901;3868;799;3069;799;1401;848;767;53;799;443;614;1835;177;260;533;2562;513;442;867;1071;886;602;150;3718;150;3718;17;3851;2;3866;3692;138;21;17;667;236;2765;3;197;2663;675;345;185;787;161;750;507;629;324;205;100;405;717;246;514;1272;885;234;20211031
AT1;AT13;AT130;91900;91902;5661;660;5001;660;2521;1468;943;69;660;25;342;4416;218;619;995;3920;127;1180;1859;2138;434;50;194;5467;194;5467;1;5660;0;5661;5466;194;0;1;10;0;5562;26;63;1830;2479;1005;347;708;1547;1235;643;859;491;28;0;150;15;8;32;400;3024;2182;20211031
AT1;AT13;AT130;91900;91903;349;51;298;51;230;47;21;0;51;2;21;258;17;119;102;122;6;152;86;91;18;2;0;349;0;349;0;349;0;349;349;0;0;0;12;0;214;19;104;64;3;98;184;4;99;1;2;5;4;128;0;106;18;0;3;0;19;309;20211031
AT1;AT13;AT130;91900;91904;8453;1199;7254;1199;3627;1973;1558;96;1199;170;1036;5614;434;752;1437;5636;628;1512;1717;3097;1538;589;353;8100;353;8100;1;8452;0;8453;8100;352;0;1;55;48;8147;0;203;4996;2001;511;945;2820;1018;1774;1100;520;560;297;106;258;76;58;286;1612;4662;1759;20211031
AT1;AT13;AT130;91900;91905;4331;707;3624;707;1723;957;882;62;707;244;658;2577;145;413;621;2723;574;664;954;1206;877;630;86;4245;86;4245;1;4330;0;4331;4245;85;0;1;332;86;3787;0;126;2309;1322;413;287;538;356;1687;415;421;170;180;115;449;368;100;421;1804;1167;471;20211031
AT1;AT13;AT130;91900;91906;3049;655;2394;655;979;661;696;58;655;474;491;1281;148;154;256;1953;686;251;289;843;821;845;49;3000;49;3000;9;3040;1;3048;2980;47;13;9;711;182;2044;2;110;2297;151;384;217;435;328;454;941;258;181;98;36;318;783;188;635;978;422;43;20211031
AT1;AT13;AT130;91900;91907;1788;404;1384;404;579;397;379;29;404;279;339;667;99;125;145;1170;348;171;233;542;428;414;42;1746;42;1746;2;1786;1;1787;1744;39;3;2;276;142;1290;0;80;1413;132;174;69;378;76;82;553;218;115;153;10;203;306;154;362;731;214;21;20211031
AT1;AT13;AT130;91900;91908;7692;993;6699;993;3363;1852;1394;90;993;157;863;5368;311;714;1312;5296;370;1431;1681;3150;1152;278;183;7509;183;7509;3;7689;0;7692;7506;183;0;3;78;54;7234;42;284;3741;2645;781;525;1335;699;1191;1881;677;1142;242;240;285;89;62;235;1965;3920;1421;20211031
AT1;AT13;AT130;91900;91909;2559;569;1990;569;871;533;555;31;569;150;466;1266;108;218;273;1573;495;276;307;688;608;680;31;2528;31;2528;0;2559;0;2559;2528;31;0;0;98;88;2293;0;80;1928;163;284;184;706;161;454;443;180;78;86;24;427;110;106;410;894;701;338;20211031
AT1;AT13;AT130;91900;91910;5444;1234;4210;1234;1759;1249;1132;70;1234;764;762;2503;181;358;630;3672;784;579;961;1816;1192;896;137;5307;137;5307;31;5413;2;5442;5246;109;58;31;1678;238;3317;37;174;3187;1172;805;280;293;563;424;1502;722;588;380;217;755;1745;260;664;1644;1080;51;20211031
AT1;AT13;AT130;92000;92001;4161;194;3967;194;1749;1053;1080;85;194;6;298;3579;84;411;1113;2585;52;1091;1322;1228;513;7;68;4093;68;4093;0;4161;0;4161;4093;68;0;0;36;0;4088;0;37;824;2852;290;195;238;1303;1254;259;108;93;469;286;151;39;2;4;20;1892;2204;20211031
AT1;AT13;AT130;92000;92002;8626;1114;7512;1114;3787;1951;1613;161;1114;56;652;6488;316;1309;2273;4883;161;3011;2145;2741;680;49;654;7972;654;7972;1;8625;0;8626;7971;654;0;1;3;2;8541;15;65;4367;2045;1479;735;3017;1683;789;851;694;166;602;54;770;7;4;9;54;2360;6192;20211031
AT1;AT13;AT130;92000;92003;8110;1292;6818;1292;3339;1891;1450;138;1292;144;902;5261;511;1016;1785;5114;195;2145;2218;2835;814;98;716;7394;716;7394;13;8097;0;8110;7385;712;0;13;7;10;7825;205;63;5866;729;447;1068;4446;212;630;526;670;823;175;0;628;13;10;11;280;2475;5321;20211031
AT1;AT13;AT130;92000;92004;4342;460;3882;460;1751;1054;987;90;460;13;463;3319;87;500;823;2952;67;862;1025;1854;584;17;90;4252;90;4252;0;4342;0;4342;4252;90;0;0;20;0;4131;137;54;973;1784;1031;554;433;106;605;1043;983;305;738;122;7;22;2;4;45;1218;3051;20211031
AT1;AT13;AT130;92000;92005;6368;957;5411;957;2680;1447;1173;111;957;110;436;4539;326;909;1332;3980;147;1945;1646;2273;435;69;673;5695;673;5695;15;6353;0;6368;5684;668;1;15;12;2;6232;0;122;4644;1028;185;511;4250;274;400;878;271;101;162;15;17;16;4;59;499;2748;3042;20211031
AT1;AT13;AT130;92000;92006;4654;531;4123;531;1879;1097;1028;119;531;14;354;3560;195;496;857;3234;67;988;1539;1854;263;10;207;4447;207;4447;1;4653;0;4654;4446;207;0;1;33;0;4587;0;34;1813;2498;217;126;741;301;900;2167;126;187;153;46;33;36;0;10;74;1962;2572;20211031
AT1;AT13;AT130;92000;92007;6791;536;6255;536;2820;1780;1485;170;536;33;440;5596;186;546;1421;4752;72;1217;2274;2712;568;20;235;6556;235;6556;0;6791;0;6791;6556;235;0;0;10;2;6664;0;115;1794;2816;1409;772;964;1287;663;1515;831;219;610;269;433;11;4;0;142;3165;3469;20211031
AT1;AT13;AT130;92000;92008;3651;446;3205;446;1679;879;590;57;446;30;417;2577;181;449;933;2198;71;968;915;1462;282;24;179;3472;179;3472;1;3650;0;3651;3472;178;0;1;3;0;3183;386;79;2091;67;1033;460;1206;113;2;735;673;236;18;0;668;6;2;16;32;569;3026;20211031
AT1;AT13;AT130;92100;92101;964;279;685;279;240;222;213;10;279;358;140;166;21;91;135;586;152;85;133;282;301;163;43;921;43;921;10;954;1;963;914;35;5;10;597;68;253;0;46;728;37;110;89;169;58;69;74;39;59;176;21;299;621;76;44;76;125;22;20211031
AT1;AT13;AT130;92100;92102;4382;358;4024;358;1524;1218;1209;73;358;463;538;2963;60;212;745;3040;385;313;676;1913;1220;260;64;4318;64;4318;11;4371;1;4381;4309;56;6;11;739;92;3479;4;68;1512;518;1958;394;289;143;135;104;92;239;1905;52;1423;771;100;110;567;859;1975;20211031
AT1;AT13;AT130;92100;92103;3603;284;3319;284;1073;1127;1047;72;284;326;105;2856;32;65;512;2652;374;148;351;1558;1370;176;13;3590;13;3590;0;3603;0;3603;3581;13;9;0;869;126;2545;3;60;715;1029;1735;124;3;30;51;70;70;1347;773;13;1246;887;128;206;701;800;881;20211031
AT1;AT13;AT130;92100;92104;2297;409;1888;409;606;692;517;73;409;866;189;788;45;157;166;1588;386;219;256;843;691;288;52;2245;52;2245;7;2290;0;2297;2196;51;43;7;1435;106;727;0;29;1365;482;382;68;7;230;124;808;261;164;193;129;381;1462;108;57;394;276;0;20211031
AT1;AT13;AT130;92100;92105;8156;476;7680;476;2694;2341;2252;393;476;563;290;6716;111;371;513;6768;504;521;911;4759;1717;248;43;8113;43;8113;5;8151;2;8154;8103;38;10;5;1202;68;6840;15;31;1380;5883;840;53;34;123;103;2798;3717;754;123;171;333;1226;72;31;711;2475;3641;20211031
AT1;AT13;AT130;92100;92106;1804;312;1492;312;595;436;429;32;312;172;288;1014;18;149;628;947;80;200;266;831;430;77;24;1780;24;1780;2;1802;0;1804;1777;23;2;2;210;40;1527;1;26;524;8;1167;105;174;22;39;58;107;6;34;46;1318;225;44;65;133;154;1183;20211031
AT1;AT13;AT130;92100;92107;4225;664;3561;664;1510;954;1032;65;664;249;384;2886;42;371;1357;2396;101;659;1127;1803;541;95;54;4171;54;4171;5;4220;1;4224;4163;50;7;5;345;32;3766;8;74;1395;794;1356;680;246;71;192;327;333;99;320;33;2604;362;38;26;484;433;2882;20211031
AT1;AT13;AT130;92100;92108;2664;404;2260;404;909;710;600;41;404;322;107;1806;25;215;644;1759;46;340;778;1205;326;15;8;2656;8;2656;1;2663;0;2664;2640;8;15;1;620;8;2022;0;14;733;947;556;428;54;10;14;117;591;291;293;14;1280;623;12;7;193;702;1127;20211031
AT1;AT13;AT130;92100;92109;3545;299;3246;299;1290;1045;838;73;299;633;197;2333;83;262;346;2506;431;247;673;982;1308;335;56;3489;56;3489;5;3540;0;3545;3478;53;9;5;888;126;2495;0;36;1077;2380;18;70;74;365;126;945;301;1513;42;18;161;920;130;22;544;987;942;20211031
AT1;AT13;AT130;92100;92110;3642;433;3209;433;1948;674;554;33;433;174;52;2888;95;865;1165;1559;53;1713;671;1045;186;27;79;3563;79;3563;16;3626;2;3640;3529;78;19;16;400;54;3114;0;74;587;2293;617;145;115;419;1948;154;374;96;43;25;468;407;54;130;1647;637;767;20211031
AT1;AT13;AT130;92100;92111;2554;317;2237;317;966;655;572;44;317;122;312;1750;53;157;456;1796;145;301;440;1244;460;109;28;2526;28;2526;6;2548;0;2554;2522;21;5;6;170;48;2246;38;52;740;502;849;463;205;36;147;121;108;169;1170;96;502;191;58;114;287;782;1122;20211031
AT1;AT13;AT130;92100;92112;3771;260;3511;260;1013;954;1381;163;260;466;113;2876;56;119;428;3040;184;229;471;2125;769;177;25;3746;25;3746;15;3756;1;3770;3734;16;6;15;661;40;3058;0;12;960;1996;785;30;144;264;44;375;1462;76;191;174;1041;669;44;90;369;670;1929;20211031
AT1;AT13;AT130;92100;92113;2909;316;2593;316;916;786;849;42;316;470;519;1562;42;44;460;2092;313;98;388;1164;962;297;39;2870;39;2870;6;2903;0;2909;2863;34;6;6;706;108;2039;0;56;1135;165;1225;384;175;93;52;112;182;122;220;146;1807;740;112;291;272;725;769;20211031
AT1;AT13;AT130;92100;92114;2905;261;2644;261;1332;681;567;64;261;133;75;2335;101;246;449;2117;93;494;1112;1081;152;66;201;2704;201;2704;1;2904;0;2905;2703;201;0;1;165;28;2695;0;17;416;2024;320;145;42;40;1037;782;854;72;13;6;59;177;30;77;1822;669;130;20211031
AT1;AT13;AT130;92100;92115;2651;189;2462;189;1026;731;661;44;189;148;94;2188;32;119;411;1958;163;161;601;1344;472;73;21;2630;21;2630;1;2650;0;2651;2629;21;0;1;198;50;2381;3;19;630;1027;973;21;51;55;85;1065;51;63;169;226;886;208;54;56;314;717;1302;20211031
AT1;AT13;AT130;92100;92116;1800;234;1566;234;560;606;380;20;234;866;145;496;59;52;71;1330;347;75;93;649;646;337;69;1731;69;1731;16;1784;3;1797;1716;56;12;16;1142;130;490;0;38;1359;51;363;27;49;238;147;173;326;506;142;56;163;1166;132;72;286;144;0;20211031
AT1;AT13;AT130;92100;92117;4105;508;3597;508;1857;923;741;76;508;161;77;3263;96;529;874;2654;48;1157;1557;1232;128;31;97;4008;97;4008;18;4087;1;4104;3977;95;15;18;307;10;3758;0;30;686;3123;207;89;96;1205;1301;978;51;115;99;21;239;309;12;112;705;2556;411;20211031
AT1;AT13;AT130;92100;92118;4341;586;3755;586;1817;1003;852;83;586;105;496;2990;164;496;893;2803;149;1077;1016;1658;486;104;183;4158;183;4158;39;4302;0;4341;4139;163;0;39;47;38;4172;0;84;2266;844;1088;143;1202;344;591;869;270;409;108;31;517;55;46;216;984;2465;575;20211031
AT1;AT13;AT130;92100;92119;2843;484;2359;484;987;688;607;77;484;234;93;1992;40;218;707;1855;63;418;621;1340;425;39;53;2790;53;2790;3;2840;0;2843;2781;52;7;3;425;22;2364;0;32;1312;348;996;187;219;118;38;245;56;754;15;33;1365;435;26;86;257;638;1401;20211031
AT1;AT13;AT130;92100;92120;1244;105;1139;105;486;307;321;25;105;11;103;1002;23;72;406;751;15;173;247;635;177;12;15;1229;15;1229;0;1244;0;1244;1229;15;0;0;11;6;1217;0;10;343;26;117;758;364;5;16;97;0;1;221;1;539;14;8;9;63;319;831;20211031
AT1;AT13;AT130;92100;92121;4270;662;3608;662;1910;853;786;59;662;26;268;3160;154;495;1149;2550;76;1372;1117;1469;271;41;199;4071;199;4071;14;4256;0;4270;4061;195;0;14;20;6;4159;0;85;1396;1694;933;247;1020;1328;638;626;145;77;27;0;409;25;6;45;423;2191;1580;20211031
AT1;AT13;AT130;92100;92122;5662;817;4845;817;2272;1429;1037;107;817;163;650;3792;240;427;1214;3867;154;862;1427;2340;911;122;119;5543;119;5543;13;5649;1;5661;5502;117;30;13;285;12;5106;2;257;2899;896;1688;179;817;134;841;947;958;910;60;131;864;297;34;92;543;2307;2389;20211031
AT1;AT13;AT130;92100;92123;6432;1051;5381;1051;2595;1541;1157;88;1051;91;1111;3887;292;609;1158;4495;170;1143;1629;2917;640;103;220;6212;220;6212;22;6410;0;6432;6197;213;0;22;33;30;6250;13;106;4326;728;847;531;1186;147;816;1550;1234;388;278;160;673;47;40;127;773;3415;2030;20211031
AT1;AT13;AT130;92100;92124;3188;389;2799;389;1065;847;841;46;389;248;511;2012;28;132;677;2274;105;237;621;1659;584;87;29;3159;29;3159;5;3183;0;3188;3151;24;8;5;377;34;2686;57;34;1001;570;1185;432;86;77;48;60;382;627;147;77;1684;438;42;31;100;732;1845;20211031
AT1;AT13;AT130;92100;92125;3397;248;3149;248;1225;938;933;53;248;232;414;2461;42;198;805;2249;145;272;659;1580;763;123;42;3355;42;3355;6;3391;1;3396;3347;35;9;6;340;42;2890;33;92;641;997;957;802;36;183;63;16;33;38;1065;183;1780;351;44;82;312;665;1943;20211031
AT1;AT13;AT130;92100;92126;4629;446;4183;446;1968;1201;974;40;446;46;637;3407;93;265;921;3283;160;671;1303;1925;655;75;75;4554;75;4554;15;4614;0;4629;4540;74;0;15;45;20;4515;21;28;1096;1599;1307;627;236;1100;152;434;299;513;538;489;868;51;24;70;436;2389;1659;20211031
AT1;AT13;AT130;92100;92127;974;266;708;266;218;208;263;19;266;543;78;61;26;60;53;650;211;86;64;223;310;291;50;924;50;924;14;960;3;971;910;33;17;14;778;132;37;0;27;887;29;7;51;18;118;147;104;99;123;78;49;238;801;136;37;0;0;0;20211031
AT1;AT13;AT130;92100;92128;206;54;152;54;91;42;19;0;54;11;0;139;2;23;57;123;3;76;55;69;5;1;18;188;18;188;0;206;0;206;188;18;0;0;21;0;184;0;1;153;38;14;1;60;75;0;0;0;15;1;4;51;22;0;0;0;61;123;20211031
AT1;AT13;AT130;92100;92129;678;143;535;143;162;180;183;10;143;102;41;387;5;137;195;342;4;172;137;309;59;1;0;678;0;678;23;655;0;678;635;0;20;23;234;2;442;0;0;225;9;282;162;0;2;12;25;10;5;0;33;591;234;2;0;0;62;380;20211031
AT1;AT13;AT130;92100;92130;13;5;8;5;4;0;4;0;5;5;0;2;1;0;1;11;1;1;1;9;2;0;0;13;0;13;0;13;0;13;13;0;0;0;3;2;4;0;4;10;0;0;3;7;0;0;1;0;4;1;0;0;7;2;4;0;0;0;20211031
AT1;AT13;AT130;92200;92201;1123;210;913;210;251;331;307;24;210;402;228;262;21;53;74;796;200;66;136;222;530;169;65;1058;65;1058;6;1117;1;1122;1054;58;5;6;715;62;313;0;33;829;47;186;61;66;115;46;74;54;114;261;82;311;734;62;108;35;50;134;20211031
AT1;AT13;AT130;92200;92202;2880;521;2359;521;535;712;1044;68;521;827;312;1205;15;89;391;2048;352;233;313;1083;979;272;53;2827;53;2827;4;2876;1;2879;2826;48;2;4;1570;104;1162;0;44;1672;116;929;163;55;43;66;65;60;233;209;305;1844;1605;110;103;157;303;602;20211031
AT1;AT13;AT130;92200;92203;917;237;680;237;202;249;215;14;237;531;97;29;23;51;69;624;173;86;88;240;309;194;62;855;62;855;6;911;5;912;846;55;10;6;860;28;13;0;16;863;6;22;26;4;42;76;93;118;177;200;50;157;876;28;5;8;0;0;20211031
AT1;AT13;AT130;92200;92204;2168;319;1849;319;577;621;615;36;319;966;253;602;28;86;157;1613;312;116;168;786;820;278;74;2094;74;2094;5;2163;0;2168;2083;67;13;5;1396;56;691;1;24;1401;11;685;71;5;119;95;137;215;254;768;195;380;1421;56;27;228;399;37;20211031
AT1;AT13;AT130;92200;92205;7351;801;6550;801;2429;2018;1999;104;801;779;663;5053;55;402;1932;4727;290;704;1421;3558;1443;225;34;7317;34;7317;1;7350;0;7351;7314;33;3;1;1454;62;5763;5;67;2340;149;3715;1147;6;133;28;64;96;369;1390;133;5132;1483;64;92;525;981;4206;20211031
AT1;AT13;AT130;92200;92206;5220;210;5010;210;1612;1546;1660;192;210;608;173;4156;73;159;419;4219;423;266;489;2824;1473;168;63;5157;63;5157;1;5219;0;5220;5155;63;1;1;1210;38;3920;0;52;888;2941;961;430;13;261;379;120;2220;1008;261;314;644;1238;42;334;716;877;2013;20211031
AT1;AT13;AT130;92200;92207;2398;255;2143;255;683;721;696;43;255;563;613;928;39;38;157;1701;502;58;212;844;941;343;84;2314;84;2314;3;2395;2;2396;2310;79;6;3;1272;124;966;0;36;1316;60;964;58;10;173;84;183;311;196;921;60;460;1296;132;157;430;210;173;20211031
AT1;AT13;AT130;92200;92208;9119;909;8210;909;2813;2443;2677;277;909;425;670;6999;116;424;1599;6676;420;684;1569;4824;1812;230;56;9063;56;9063;7;9112;0;9119;9055;51;6;7;918;68;7932;2;199;2143;3082;3309;585;106;113;158;479;3143;1698;229;142;3051;953;104;166;475;962;6459;20211031
AT1;AT13;AT130;92200;92209;7192;515;6677;515;2640;1920;1918;199;515;393;483;5678;123;385;962;5524;321;583;1327;4007;1035;240;47;7145;47;7145;6;7186;0;7192;7137;43;6;6;553;66;6502;0;71;1433;3031;2421;307;145;58;194;1830;1768;1033;955;82;1127;573;76;109;1204;2828;2402;20211031
AT1;AT13;AT130;92200;92210;4825;522;4303;522;1866;1183;1200;54;522;174;377;3587;165;144;1099;3132;450;567;868;2245;974;171;17;4808;17;4808;2;4823;1;4824;4806;17;0;2;294;34;4423;0;74;938;640;2037;1210;11;102;249;314;444;95;622;1034;1954;304;38;99;181;626;3577;20211031
AT1;AT13;AT130;92200;92211;7527;1209;6318;1209;3204;1789;1264;61;1209;171;727;5204;216;668;1597;5006;256;1709;2044;2841;791;142;142;7385;142;7385;12;7515;0;7527;7375;137;3;12;350;20;7046;1;110;2656;2313;1429;1129;792;1341;723;938;999;461;978;398;897;364;24;65;483;3293;3298;20211031
AT1;AT13;AT130;92200;92212;2074;304;1770;304;667;564;493;46;304;395;94;1244;37;89;365;1438;182;227;299;745;629;174;64;2010;64;2010;6;2068;2;2072;2001;56;11;6;578;88;1382;0;26;798;546;458;272;192;128;69;65;744;43;158;39;636;602;90;65;89;138;1090;20211031
AT1;AT13;AT130;92200;92213;4066;328;3738;328;1804;1034;841;59;328;14;535;3089;100;210;819;2964;73;547;932;2102;462;23;32;4034;32;4034;5;4061;0;4066;4029;32;0;5;17;6;3943;0;100;1005;2120;542;399;190;482;39;1499;555;258;120;157;766;25;6;39;123;1402;2471;20211031
AT1;AT13;AT130;92200;92214;2440;81;2359;81;895;814;626;24;81;35;59;2235;30;49;201;2026;164;93;456;1403;434;54;57;2383;57;2383;0;2440;0;2440;2377;54;9;0;1447;8;935;0;50;242;755;1443;0;7;1199;334;351;21;148;6;21;353;1467;8;58;315;359;233;20211031
AT1;AT13;AT130;92200;92215;4451;302;4149;302;1787;1175;1103;84;302;179;97;3761;112;308;379;3589;175;464;776;2750;329;132;73;4378;73;4378;1;4450;0;4451;4377;71;2;1;350;46;4025;0;30;540;2718;1015;178;118;267;245;2879;350;165;162;31;234;367;46;88;1460;913;1577;20211031
AT1;AT13;AT130;92200;92216;1189;93;1096;93;426;327;330;13;93;45;16;1016;19;25;273;864;27;72;320;620;155;22;14;1175;14;1175;2;1187;1;1188;1172;14;1;2;100;4;1081;0;4;95;344;607;143;16;14;32;277;153;20;76;6;595;104;4;6;186;164;725;20211031
AT1;AT13;AT130;92200;92217;1923;851;1072;851;398;363;301;10;851;728;74;253;17;237;408;1175;103;525;248;599;432;119;120;1803;120;1803;41;1882;4;1919;1721;103;58;41;1534;48;329;0;12;1637;15;37;234;12;376;241;130;98;80;91;108;787;1546;48;9;7;30;283;20211031
AT1;AT13;AT130;92200;92218;3772;186;3586;186;1558;1030;964;34;186;53;209;3284;40;167;687;2852;66;251;874;1946;654;47;31;3741;31;3741;3;3769;0;3772;3740;29;0;3;133;26;3605;1;7;256;1219;2243;54;8;7;59;1069;19;723;346;89;1452;137;30;43;780;1375;1407;20211031
AT1;AT13;AT130;92200;92219;3836;566;3270;566;1553;908;757;52;566;78;423;2648;121;320;895;2518;103;745;1060;1545;416;70;123;3713;123;3713;5;3831;0;3836;3712;119;0;5;49;32;3702;0;53;1638;863;991;344;829;234;265;1082;172;196;126;1;931;65;40;115;496;2043;1077;20211031
AT1;AT13;AT130;92200;92220;1639;135;1504;135;541;433;460;70;135;63;118;1295;28;87;209;1161;182;140;167;870;385;77;16;1623;16;1623;4;1635;1;1638;1619;12;4;4;248;28;1343;0;20;337;758;404;140;87;37;20;775;15;194;19;24;468;265;28;43;94;784;425;20211031
AT1;AT13;AT130;92200;92221;1681;361;1320;361;515;359;422;24;361;342;89;869;20;80;450;981;170;139;311;698;366;167;30;1651;30;1651;1;1680;0;1681;1645;29;6;1;499;66;1100;0;16;906;12;388;375;6;94;86;120;59;53;43;14;1206;511;70;23;84;43;950;20211031
AT1;AT13;AT130;92200;92222;3102;261;2841;261;1065;979;759;38;261;39;43;2735;24;123;516;2318;145;140;536;1627;756;43;25;3077;25;3077;0;3102;0;3102;3075;24;3;0;731;8;2309;7;47;214;735;1684;469;57;512;421;84;173;87;1309;4;455;750;10;166;254;567;1355;20211031
AT1;AT13;AT130;92200;92223;3495;479;3016;479;1146;934;887;49;479;289;758;1918;51;113;779;2335;268;273;628;1426;941;227;48;3447;48;3447;6;3489;1;3494;3439;44;6;6;785;44;2583;0;83;1123;510;1311;551;226;92;199;112;37;258;888;59;1624;835;52;103;541;961;1003;20211031
AT1;AT13;AT130;92200;92224;2700;153;2547;153;872;887;748;40;153;243;425;1856;23;41;316;2113;230;76;227;1210;1038;149;39;2661;39;2661;5;2695;1;2699;2653;32;10;5;1047;66;1552;1;34;711;198;1668;123;6;150;48;56;196;343;1361;14;526;1074;70;53;155;600;748;20211031
AT1;AT13;AT130;92200;92225;1118;148;970;148;298;322;334;16;148;490;154;304;22;37;82;779;220;57;117;279;441;224;47;1071;47;1071;9;1109;3;1115;1060;41;8;9;755;42;307;0;14;890;1;211;16;4;99;67;70;133;103;154;53;435;769;42;40;57;185;25;20211031
AT1;AT13;AT130;92200;92226;2343;446;1897;446;566;640;658;33;446;1114;481;274;28;73;188;1618;464;139;173;537;1043;451;148;2195;148;2195;29;2314;8;2335;2171;126;17;29;1905;88;305;0;45;1887;16;267;173;12;160;252;187;175;216;481;120;740;1948;90;81;108;116;0;20211031
AT1;AT13;AT130;92200;92227;4042;556;3486;556;1016;1130;1282;58;556;1142;677;1627;40;173;509;2811;549;286;454;1145;1650;507;72;3970;72;3970;3;4039;2;4040;3959;64;16;3;2476;144;1369;1;52;2193;253;1437;159;40;120;124;196;397;445;1032;240;1448;2527;146;138;185;412;634;20211031
AT1;AT13;AT130;92200;92228;2208;199;2009;199;680;569;725;35;199;391;459;1131;28;56;289;1633;230;99;319;800;754;236;24;2184;24;2184;3;2205;0;2208;2180;21;4;3;831;44;1254;0;79;1014;87;760;347;35;115;141;91;104;156;422;200;944;863;50;131;428;373;363;20211031
AT1;AT13;AT130;92200;92229;1852;243;1609;243;464;566;520;59;243;828;399;337;45;24;85;1317;426;29;91;511;834;387;65;1787;65;1787;4;1848;0;1852;1783;60;5;4;1368;80;365;1;38;1357;16;390;89;21;163;111;197;213;296;412;88;351;1405;82;22;240;103;0;20211031
AT1;AT13;AT130;92200;92230;14;8;6;8;2;1;3;0;8;2;1;2;1;2;2;10;0;4;0;5;4;1;0;14;0;14;0;14;0;14;14;0;0;0;5;0;7;0;2;10;4;0;0;0;0;4;0;0;1;1;8;0;7;0;7;0;0;0;20211031
AT1;AT13;AT130;92200;92231;1491;225;1266;225;538;330;385;13;225;60;44;1159;3;86;582;821;2;337;298;552;284;20;1;1490;1;1490;1;1490;0;1491;1487;1;2;1;92;6;1391;0;2;370;407;619;95;1;12;2;18;6;14;0;2;1436;92;8;0;9;85;1297;20211031
AT1;AT13;AT130;92200;92232;2516;287;2229;287;1001;622;583;23;287;22;696;1486;25;208;547;1708;53;179;430;1417;446;44;17;2499;17;2499;0;2516;0;2516;2498;17;1;0;131;2;2380;0;3;1044;30;1154;288;3;84;4;178;17;71;1843;5;311;134;2;0;0;14;2366;20211031
AT1;AT13;AT130;92300;92301;1615;166;1449;166;593;416;417;23;166;88;353;946;62;81;286;1161;87;146;309;686;408;66;36;1579;36;1579;10;1605;0;1615;1572;33;0;10;166;42;1363;0;44;750;239;494;132;227;15;153;309;64;217;72;39;519;179;44;83;572;500;237;20211031
AT1;AT13;AT130;92300;92302;3061;512;2549;512;1051;727;700;71;512;308;456;1701;84;174;665;2007;215;315;630;1314;599;203;132;2929;132;2929;23;3038;4;3057;2927;105;6;23;455;130;2362;5;109;1243;458;788;572;290;195;394;225;383;260;184;170;960;500;142;170;523;616;1110;20211031
AT1;AT13;AT130;92300;92303;2322;573;1749;573;700;578;434;37;573;913;73;705;58;256;268;1423;375;374;421;592;592;343;58;2264;58;2264;6;2316;1;2321;2165;55;96;6;1406;202;677;1;36;1619;246;436;21;16;248;627;614;223;223;151;55;165;1436;206;101;309;150;120;20211031
AT1;AT13;AT130;92300;92304;6405;418;5987;418;2309;1616;1964;98;418;173;838;4930;46;245;1336;4555;269;412;1813;3223;885;72;29;6376;29;6376;4;6401;0;6405;6375;26;0;4;233;40;6082;14;36;1265;1742;2502;896;112;38;118;1417;67;110;822;848;2873;253;44;44;281;1143;4640;20211031
AT1;AT13;AT130;92300;92305;4737;507;4230;507;1577;1286;1241;126;507;389;517;3237;87;166;587;3632;352;298;740;2417;1043;239;116;4621;116;4621;24;4713;0;4737;4547;101;65;24;840;120;3637;0;140;1604;1182;1746;205;190;85;310;870;1485;512;374;270;641;872;138;313;872;1494;1048;20211031
AT1;AT13;AT130;92300;92306;949;152;797;152;355;235;196;11;152;115;113;555;14;49;208;637;55;108;206;413;168;54;22;927;22;927;0;949;0;949;925;22;2;0;170;32;709;0;38;390;74;316;169;63;35;96;109;31;30;120;10;455;189;44;25;208;172;311;20211031
AT1;AT13;AT130;92300;92307;6117;886;5231;886;2151;1410;1558;112;886;319;938;3858;116;362;1297;4135;323;963;1253;2512;1179;210;198;5919;198;5919;23;6094;0;6117;5902;191;1;23;679;102;5134;0;202;2340;1751;1439;587;1035;246;604;658;435;525;364;594;1656;719;116;276;1667;1465;1874;20211031
AT1;AT13;AT130;92300;92308;4216;579;3637;579;1347;1067;1157;66;579;341;525;2723;48;131;1051;2847;187;172;1192;1950;730;172;39;4177;39;4177;2;4214;0;4216;4174;36;4;2;458;92;3543;37;86;1100;977;1254;885;73;174;97;739;119;97;164;299;2454;481;94;72;243;813;2513;20211031
AT1;AT13;AT130;92300;92309;3995;698;3297;698;1336;1040;860;61;698;829;570;1801;97;278;479;2710;528;450;756;1507;838;444;78;3917;78;3917;14;3981;2;3993;3866;69;46;14;1307;180;2409;20;79;2022;1134;585;254;73;264;438;1291;762;470;115;52;530;1353;190;169;1044;412;827;20211031
AT1;AT13;AT130;92300;92310;2684;173;2511;173;1067;772;617;55;173;148;308;1985;70;95;268;2125;196;162;579;1387;410;146;31;2653;31;2653;1;2683;0;2684;2651;31;1;1;230;42;2374;4;34;678;1350;417;239;112;55;81;1071;906;352;38;8;61;249;42;71;719;1392;211;20211031
AT1;AT13;AT130;92300;92311;4628;575;4053;575;1817;1229;967;40;575;100;817;3006;130;332;791;3319;186;569;941;2060;901;157;95;4533;95;4533;20;4608;0;4628;4519;88;1;20;110;58;4383;0;77;1852;748;1447;581;351;114;478;586;712;584;392;120;1291;129;58;195;807;1960;1479;20211031
AT1;AT13;AT130;92300;92312;3034;369;2665;369;1105;786;714;60;369;363;490;1724;88;147;348;2194;345;372;466;1178;711;307;67;2967;67;2967;10;3024;2;3032;2955;60;9;10;528;138;2289;0;79;1368;1081;515;70;301;110;791;360;335;668;145;25;299;564;148;405;1050;796;71;20211031
AT1;AT13;AT130;92300;92313;2312;309;2003;309;851;657;456;39;309;687;232;999;85;58;159;1546;549;96;401;751;531;533;33;2279;33;2279;6;2306;0;2312;2273;30;3;6;877;174;1203;0;58;1374;183;735;20;124;159;308;1041;272;178;99;46;85;912;180;191;907;122;0;20211031
AT1;AT13;AT130;92300;92314;2759;384;2375;384;1012;692;637;34;384;504;548;1213;110;125;314;1876;444;221;433;891;730;484;60;2699;60;2699;1;2758;0;2759;2696;58;4;1;624;232;1771;0;132;1874;456;267;162;346;207;485;510;299;255;314;61;282;676;252;402;842;562;25;20211031
AT1;AT13;AT130;92300;92315;1293;198;1095;198;460;333;282;20;198;445;172;426;52;74;111;735;373;112;142;324;314;401;29;1264;29;1264;2;1291;0;1293;1261;27;3;2;564;84;600;3;42;886;6;382;19;99;84;116;442;196;111;63;35;147;600;90;87;339;107;70;20211031
AT1;AT13;AT130;92300;92316;1791;203;1588;203;618;479;459;32;203;275;250;1017;46;46;244;1293;208;71;309;620;605;186;48;1743;48;1743;3;1788;1;1790;1741;47;0;3;364;78;1308;0;41;721;150;356;564;190;58;110;317;213;65;126;24;688;388;80;114;346;522;341;20211031
AT1;AT13;AT130;92300;92317;153;34;119;34;31;43;43;2;34;83;21;10;5;6;7;104;36;11;9;27;61;45;7;146;7;146;1;152;0;153;145;7;0;1;120;12;0;0;21;139;1;2;11;1;16;14;22;17;19;27;7;30;131;16;0;6;0;0;20211031
AT1;AT13;AT130;92300;92318;2806;172;2634;172;947;935;707;45;172;238;230;2111;55;134;268;2140;264;223;390;1351;705;137;18;2788;18;2788;1;2805;0;2806;2782;13;10;1;898;94;1743;1;70;598;1168;1022;18;4;80;125;365;45;1501;431;13;242;931;108;87;1065;369;246;20211031
AT1;AT13;AT130;92300;92319;5018;159;4859;159;2211;1612;980;56;159;53;36;4730;40;345;447;4071;155;238;772;2317;1619;72;25;4993;25;4993;0;5018;0;5018;4993;25;0;0;46;10;4904;0;58;198;783;4019;18;242;0;278;784;2024;1307;0;0;383;50;14;5;554;591;3804;20211031
